proteina,Target,Y,Unnamed: 0,pdb_id,,,,source
 VQLQQSGAEVKKPGSSVRVSCKASGGTFNNNAINWVRQAPGQGLEWMGGIIPMFGTAKYSQNFQGRVAITADESTGTASMELSSLRSEDTAVYYCARSRDLLLFPHHALSPWGRGTMVTVSSASTKGPSVFPLAPGTAALGCLVKDYFPEPVTVSWNSGALTSGVHTFPAVLQSSGLYSLSSVVTVPSSSLGTQTYICNVNHKPSNTKVDKKVEPKELTQDPAVSVALGQTVRVTCQGDSLRSYYASWYQQKPGQAPVLVIYGKNNRPSGIPDRFSGSSSGNTASLTITGAQAEDEADYYCSSRDSSGNHWVFGGGTELTVLGQPKAAPSVTLFPPSSEELQANKATLVCLISDFYPGAVTVAWKADSSPVKAGVETTTPSKQSNNKYAASSYLSLTPEQWKSHRSYSCQVTHEGSTVEKTVAPT, VTQDCLQLIADSETPTIQKGSYTFVPWLLSFKRGSALEEKENKILVKETGYFFIYGQVLYTDKTYAMGHLIQRKKVHVFGDELSLVTLFRCIQNMPETLPNNSCYSAGIAKLEEGDELQLAIPRENAQISLDGDVTFFGALKLLVTQDCLQLIADSETPTIQKGSYTFVPWLLSFKRGSALEEKENKILVKETGYFFIYGQVLYTDKTYAMGHLIQRKKVHVFGDELSLVTLFRCIQNMPETLPNNSCYSAGIAKLEEGDELQLAIPRENAQISLDGDVTFFGALKLLVTQDCLQLIADSETPTIQKGSYTFVPWLLSFKRGSALEEKENKILVKETGYFFIYGQVLYTDKTYAMGHLIQRKKVHVFGDELSLVTLFRCIQNMPETLPNNSCYSAGIAKLEEGDELQLAIPRENAQISLDGDVTFFGALKLL,9.002176919,4463, 5Y9J,,,, AffinityBenchmark
 EVQLVESGGGLVQPGRSLRLSCAASGFTFDDYAMHWVRQAPGKGLEWVSAITWNSGHIDYADSVEGRFTISRDNAKNSLYLDMNSLRAEDTAVYYCAKVSYLSTASSLDYWGQGTLVTVSSASTKGPSVFPLAPSSGTAALGCLVKDYFPEPVTVSWNSGALTSGVHTFPAVLQSSGLYSLSSVVTVPSSSLGTQTYICNVNHKPSNTKVDKKIDIQMTQSPSSLSASVGDRVTITCRASQGIRNYLAWYQQKPGKAPKLLIYAASTLQSGVPSRFSGSGSGTDFTLTISSLQPEDVATYYCQRYNRAPYTFGQGTKVEIKRTVAAPSVFIFPPSDEQLKSGTASVVCLLNNFYPREAKVQWKVDNALQSGNSQESVTEQDSKDSTYSLSSTLTLSKADYEKHKVYACEVTHQGLSSPVTKSFNRGE, RTPSDKPVAHVVANPQAEGQLQWLNDRANALLANGVELRDNQLVVPSEGLYLIYSQVLFKGQGCPSTHVLLTHTISRIAVSYQTKVNLLSAIKSPCQRETPEGAEAKPWYEPIYLGGVFQLEKGDRLSAEINRPDYLDFAESGQVYFGIIALRTPSDKPVAHVVANPQAEGQLQWLNDRANALLANGVELRDNQLVVPSEGLYLIYSQVLFKGQGCPSTHVLLTHTISRIAVSYQTKVNLLSAIKSPCQRETPEGAEAKPWYEPIYLGGVFQLEKGDRLSAEINRPDYLDFAESGQVYFGIIALRTPSDKPVAHVVANPQAEGQLQWLNDRANALLANGVELRDNQLVVPSEGLYLIYSQVLFKGQGCPSTHVLLTHTISRIAVSYQTKVNLLSAIKSPCQRETPEGAEAKPWYEPIYLGGVFQLEKGDRLSAEINRPDYLDFAESGQVYFGIIAL,9.93930216,4464, 3WD5,,,, AffinityBenchmark
ENCCVRPLYIDFRQDLGWKWVHEPKGYYANFCSGPCPYLRSASASPCCVPQDLEPLTILYYVGRTPKVEQLSNMVVKSCKCS,PQLCKFCDVRFSTCDNQKSCMSNCSITSICEKPQEVCVAVWRKNDENITLETVCHDPKLPYHDFILEDAASPKCIMKEKKKPGETFFMCSCSSDECNDNIIFSEEY,6.537602002,0,1KTZ,,,,Affinity Benchmark v5.5
AGVMTGAKFTQIQFGMTRQQVLDIAGAENCETGGSFGDSIHCRGHAAGDYYAYATFGFTSAAADAKVDSKSQEKLLAPSAPTLTLAKFNQVTVGMTRAQVLATVGQGSCTTWSEYYPAYPSTAGVTLSLSCFDVDGYSSTGFYRGSAHLWFTDGVLQGKRQWDLV,HPETLVKVKDAEDQLGARVGYIELDLNSGKILESFRPEERFPMMSTFKVLLCGAVLSRIDAGQEQLGRRIHYSQNDLVEYSPVTEKHLTDGMTVRELCSAAITMSDNTAANLLLTTIGGPKELTAFLHNMGDHVTRLDRWEPELNEAIPNDERDTTMPVAMATTLRKLLTGELLTLASRQQLIDWMEAKVAGPLLRSALPAGWFIADKSGAGERGSRGIIAALGPDGKPSRIVVIYTTGSQATMDERNRQIAEIGASLIKHW,9.397940009,1,1JTG,,,,Affinity Benchmark v5.5
QVQLQQSGPELVKPGASVKISCKASGYSFNFYWMHWVKQRPGQGLEWIGMIDPSESESRLNQKFKDKATLTVDRSSSTAHMQLSSPTSEDSAVYYCTRSNYRYDYFDVWGAGTTVTVSSAKTTAPSVYPLAPVCGSSVTLGCLVKGYFPEPVTLTWNSGSLSSGVHTFPAVLQSDLYTLSSSVTVTSSTWPSQSITCNVAHPASSTKVDKKIEPRQIVLTQSPAIMSAFPGESVTMTCSASSSVSYMYWYQQKPGSSPRLLIYDTSNLASGVPVRFSGSGSGTSYSLTINRLEAEDGATYYCQQWTSYPLTFGAGTKLELKRADAAPTVSIFPPSSEQLTSGGASVVCFLNNFYPKDINVKWKIDGSERQNGVLNSWTDQDSKDSTYSMSSTLTLTKDEYERHNSYTCEATHKTSTSPIVKSFNRNE,QQLSPINIETKKAISNARLKPLDIHYNESKPTTIQNTGKLVRINFKGGYISGGFLPNEYVLSSLHIYWGKEDDYGSNHLIDVYKYSGEINLVHWNKKKYSSYEEAKKHDDGLIIISIFLQVLDHKNVYFQKIVNQLDSIRSANTSAPFDSVFYLDNLLPSKLDYFTYLGTTINHSADAVWIIFPTPINIHSDQLSKFRTLLSLYITENYRNPYKLNDDTEVYYSG,9.744727495,2,4ETQ,,,,Affinity Benchmark v5.5
RSHSLHYLFMGASEQDLGLSLFEALGYVDDQLFVFYDHESRRVEPRTPWVSSRISSQMWLQLSQSLKGWDHMFTVDFWTIMENHNHSKESHTLQVILGCEMQEDNSTEGYWKYGYDGQDHLEFCPDTLDWRAAEPRAWPTKLEWERHKIRARQNRAYLERDCPAQLQQLLELGRGVLDQQVPPLVKVTHHVTSSVTTLRCRALNYYPQNITMKWLKDKQPMDAKEFEPKDVLPNGDGTYQGWITLAVPPGEEQRYTCQVEHPGLDQPLIVIWIQRTPKIQVYSRHPAENGKSNFLNCYVSGFHPSDIEVDLLKNGERIEKVEHSDLSFSKDWSFYLLYYTEFTPTEKDEYACRVNHVTLSQPKIVKWDRDM,LYWDDLKRKLSEKLDSTDFTSTIKLLNENSYVPREAGSQKDENLALYVENQFREFKLSKVWRDQHFVKIQVKDSAQNSVIIVDKNGRLVYLVENPGGYVAYSKAATVTGKLVHANFGTKKDFEDLYTPVNGSIVIVRAGKITFAEKVANAESLNAIGVLIYMDQTKFPIVNAELSFFGHAHLGTGDPYTPGFPSFNHTQFPPSRSSGLPNIPVQTISRAAAEKLFGNMEGDCPSDWKTDSTCRMVTSESKNVKLTVSNVLKEIKILNIFGVIKGFVEPDHYVVVGAQRDAWGPGAAKSGVGTALLLKLAQMFSDMVLKDGFQPSRSIIFASWSAGDFGSVGATEWLEGYLSSLHLKAFTYINLDKAVLGTSNFKVSASPLLYTLIEKTMQNVKHPVTGQFLYQDSNWASKVEKLTLDNAAFPFLAYSGIPAVSFCFCEDTDYPYLGTTMDTYKELIERIPELNKVARAAAEVAGQFVIKLTHDVELNLDYERYNSQLLSFVRDLNQYRADIKEMGLSLQWLYSARGDFFRATSRLTTDFGNAEKTDRFVMKKLNDRVMRVEYHFLSPYVSPKESPFRHVFWGSGSHTLPALLENLKLRKQNNGAFNETLFRNQLALATWTIQGAANALSGDVWDILYWDDLKRKLSEKLDSTDFTSTIKLLNENSYVPREAGSQKDENLALYVENQFREFKLSKVWRDQHFVKIQVKDSAQNSVIIVDKNGRLVYLVENPGGYVAYSKAATVTGKLVHANFGTKKDFEDLYTPVNGSIVIVRAGKITFAEKVANAESLNAIGVLIYMDQTKFPIVNAELSFFGHAHLGTGDPYTPGFPSFNHTQFPPSRSSGLPNIPVQTISRAAAEKLFGNMEGDCPSDWKTDSTCRMVTSESKNVKLTVSNVLKEIKILNIFGVIKGFVEPDHYVVVGAQRDAWGPGAAKSGVGTALLLKLAQMFSDMVLKDGFQPSRSIIFASWSAGDFGSVGATEWLEGYLSSLHLKAFTYINLDKAVLGTSNFKVSASPLLYTLIEKTMQNVKHPVTGQFLYQDSNWASKVEKLTLDNAAFPFLAYSGIPAVSFCFCEDTDYPYLGTTMDTYKELIERIPELNKVARAAAEVAGQFVIKLTHDVELNLDYERYNSQLLSFVRDLNQYRADIKEMGLSLQWLYSARGDFFRATSRLTTDFGNAEKTDRFVMKKLNDRVMRVEYHFLSPYVSPKESPFRHVFWGSGSHTLPALLENLKLRKQNNGAFNETLFRNQLALATWTIQGAANALSGDVWDI,7.167491087,3,1DE4,,,,Affinity Benchmark v5.5
QVQLVQSGAEVKKPGSSVKVSCKASGGTFSSYAISWVRQAPGQGLEWMGGIIPIFGTANYAQKFQGRVTITADESTSTAYMELSSLRSEDTAVYYCAREPDYYDSSGYYPIDAFDIWGQGTTVTVSSQSALTQPASVSASPGQSITISCTGTSSDVGAYDWVSWYQQHPGKAPKLLIFDVNNRPSGVSHRFSGSKSGNTASLTISGLQAEDEADYYCSSYTRRDTYVFGTGTKVTVLGE,RCRCVQESSVFIPRRFIDRIQILPRGNGCPRKEIIVWKKNKSIVCVDPQAEWIQRMMEVLR,9.430041182,4,5CBA,,,,Affinity Benchmark v5.5
QVQLVESGGGSVQAGGSLSLSCAASTYTDTVGWFRQAPGKEREGVAAIYRRTGYTYSADSVKGRFTLSQDNNKNTVYLQMNSLKPEDTGIYYCATGNSVRLASWEGYFYWGQGTQVTVSS,QYAPQTQSGRTSIVHLFEWRWVDIALECERYLGPKGFGGVQVSPPNENIVVTNPSRPWWERYQPVSYKLCTRSGNENEFRDMVTRCNNVGVRIYVDAVINHMCGSGAAAGTGTTCGSYCNPGSREFPAVPYSAWDFNDGKCKTASGGIESYNDPYQVRDCQLVGLLDLALEKDYVRSMIADYLNKLIDIGVAGFRIDASKHMWPGDIKAVLDKLHNLNTNWFPAGSRPFIFQEVIDLGGEAIKSSEYFGNGRVTEFKYGAKLGTVVRKWSGEKMSYLKNWGEGWGFMPSDRALVFVDNHDNQRGHGAGGSSILTFWDARLYKIAVGFMLAHPYGFTRVMSSYRWARNFVNGEDVNDWIGPPNNNGVIKEVTINADTTCGNDWVCEHRWREIRNMVWFRNVVDGQPFANWWDNGSNQVAFGRGNRGFIVFNNDDWQLSSTLQTGLPGGTYCDVISGDKVGNSCTGIKVYVSSDGTAQFSISNSAEDPFIAIHAESKL,8.455931956,5,1KXQ,,,,Affinity Benchmark v5.5
EVQLVESGGGLVQPGGSLRLSCAVSGYSITSGYSWNWIRQAPGKGLEWVASITYDGSTNYNPSVKGRITISRDDSKNTFYLQMNSLRAEDTAVYYCARGSHYFGHWHFAVWGQGTLVTVSSASTKGPSVFPLAPSSKSTSGGTAALGCLVKDYFPEPVTVSWNSGALTSGVHTFPAVLQSSGLYSLSSVVTVPSSSLGTQTYICNVNHKPSNTKVDKKVEPKDIQLTQSPSSLSASVGDRVTITCRASQSVDYDGDSYMNWYQQKPGKAPKLLIYAASYLESGVPSRFSGSGSGTDFTLTISSLQPEDFATYYCQQSHEDPYTFGQGTKVEIKRTVAAPSVFIFPPSDEQLKSGTASVVCLLNNFYPREAKVQWKVDNALQSGNSQESVTEQDSKDSTYSLSSTLTLSKADYEKHKVYACEVTHQGLSSPVTKSFNRGE,NPRCVSAYLSRPSPFDLFIRKSPTITCLVVDLAPSKGTVNLTWSRASGKPVNHSTRKEEKQRNGTLTVTSTLPVGTRDWIEGETYQCRVTHPHLPRALMRSTTKTSGPRAAPEVYAFATPEWPGSRDKRTLACLIQNFMPEDISVQWLHNEVQLPDARHSTTQPRKTKGSGFFVFSRLEVTRAEWEQKDEFICRAVHEAASPSQTVQRAVSVNPPRCVSAYLSRPSPFDLFIRKSPTITCLVVDLAPSKGTVNLTWSRASGKPVNHSTRKEEKQRNGTLTVTSTLPVGTRDWIEGETYQCRVTHPHLPRALMRSTTKTSGPRAAPEVYAFATPEWPGSRDKRTLACLIQNFMPEDISVQWLHNEVQLPDARHSTTQPRKTKGSGFFVFSRLEVTRAEWEQKDEFICRAVHEAASPSQTVQRAVSVNP,8,6,5HYS,,,,Affinity Benchmark v5.5
DEDETTALVCDNGSGLVKAGFAGDDAPRAVFPSIVGRPRHQGVMVGMGQKDSYVGDEAQSKRGILTLKYPIEGIITNWDDMEKIWHHTFYNELRVAPEEHPTLLTEAPLNPKANREKMTQIMFETFNVPAMYVAIQAVLSLYASGRTTGIVLDSGDGVTHNVPIYEGYALPHAIMRLDLAGRDLTDYLMKILTERGYSFVTTAEREIVRDIKEKLCYVALDFENEMATAASSSSLEKSYELPDGQVITIGNERFRCPETLFQPSFIGMESAGIHETTYNSIMKCDIDIRKDLYANNVMSGGTTMYPGIADRMQKEITALAPSTMKIKIIAPPERKYSVWIGGSILASLSTFQQMWITKQEYDEAGPSIVHR,LKIAAFNIRTFGETKMSNATLASYIVRIVRRYDIVLIQEVRDSHLVAVGKLLDYLNQDDPNTYHYVVSEPLGRNSYKERYLFLFRPNKVSVLDTYQYDDGCCGNDSFSREPAVVKFSSHSTKVKEFAIVALHSAPSDAVAEINSLYDVYLDVQQKWHLNDVMLMGDFNADCSYVTSSQWSSIRLRTSSTFQWLIPDSADTTATSTNCAYDRIVVAGSLLQSSVVPGSAAPFDFQAAYGLSNEMALAISDHYPVEVTLT,8.698970004,7,1ATN,,,,Affinity Benchmark v5.5
APPRLICDSRVLERYLLEAKEAEKITTGCAEHCSLNEKITVPDTKVNFYAWKRMEVGQQAVEVWQGLALLSEAVLRGQALLVKSSQPWEPLQLHVDKAVSGLRSLTTLLRALGAQKEAISNSDAASAAPLRTITADTFRKLFRVYSNFLRGKLKLYTGEACRTGDR,DPKFESKAALLAARGPEELLCFTERLEDLVCFWEEAASAGVGPGQYSFSYQLEDEPWKLCRLHQAPTARGAVRFWCSLPTADTSSFVPLELRVTAASGAPRYHRVIHINEVVLLDAPVGLVARLADESGHVVLRWLPPPETPMTSHIRYEVDVSAGQGAGSVQRVEILEGRTECVLSNLRGRTRYTFAVRARMAEPSFGGFWSEWSEPVSLLTDPKFESKAALLAARGPEELLCFTERLEDLVCFWEEAASAGVGPGQYSFSYQLEDEPWKLCRLHQAPTARGAVRFWCSLPTADTSSFVPLELRVTAASGAPRYHRVIHINEVVLLDAPVGLVARLADESGHVVLRWLPPPETPMTSHIRYEVDVSAGQGAGSVQRVEILEGRTECVLSNLRGRTRYTFAVRARMAEPSFGGFWSEWSEPVSLLT,11.43179828,8,1EER,,,,Affinity Benchmark v5.5
TPYDPLTLWTTPDPPPNCSLIQELDAKLTLCLTKNGSIVNGIVSLVGVKGNLLNIQSTTTTVGVHLVFDEQGRLITSTPTALVPQASWGYRQGQSVSTNTVTNGLGFMPNVSAYPRPNASEAKSQMVSLTYLQGDTSKPITMKVAFNGITSLNGYSLTFMWSGLSNYINQPFSTPSCSFSYITQE,GITTPEEMIEKAKGETAYLPCKFTLSPEDQGPLDIEWLISPADNQKVDQVIILYSGDKIYDDYYPDLKGRVHFTSNDLKSGDASINVTNLQLSDIGTYQCKVKKAPGVANKKIHLVVLVKPSGA,7.823908741,9,1KAC,,,,Affinity Benchmark v5.5
MLNQELELSLNMAFARAREHRHEFMTVEHLLLALLSNPSAREALEACSVDLVALRQELEAFIEQTTPVLPASEEERDTQPTLSFQRVLQRAVFHVQSSGRNEVTGANVLVAIFSEQESQAAYLLRKHEVSRLDVVNFISHGT,WLDFDQLDALKPPSMYKVILVNDDYTPMEFVIDVLQKFFSYDVERATQLMLAVHYQGKAICGVFTAEVAETKVAMVNKYARENEHPLLCTLEKA,6.48148606,10,1R6Q,,,,Affinity Benchmark v5.5
QLAESGGGLVQAGGSLKLSCAASGRDFSMYMLAWFRQAPGKEREFVAAIMCSGGGGGTYYADSMQGRFTISRDNAKKTVALQMNSLKPEDTAVYYCAASTTYCSATTYSSDRLYDFWGQGTQVTVSS,QYPIINFTTAGATVQSYTNFIRAVRGRLTTGADVRHEIPVLPNRVGLPINQRFILVELSNHAELSVTLALDVTNAYVVGYRAGNSAYFFHPDNQEDAEAITHLFTDVQNRYTFAFGGNYDRLEQLAGNLRENIELGNGPLEEAISALYYYSTGTQLPTLARSFIICIQMISEAARFQYIEGEMRTRIRYNRRSAPDPSVITLENSWGRLSTAIQESNQGAFASPIQLQRRNGSKFSVYDVSILIPIIALMVYRCAPPPSSQF,10,11,6CWG,,,,Affinity Benchmark v5.5
VKLEESGGGSVQAGGSLRLSCAASGHTYSTYCMGWFRQEREGVARINVGGSSTWYADSVRDRFTISQDNAKNTVYLQMNSLKLEDTAIYYCTLHRFCNTWSLGTLNVWGQGTQVTVSS,ETITVPTPIKQIFSDDAFAETIKDNLKKKSVTDAVTQNELNSIDQIIANNSDIKSVQGIQYLPNVTKLFLNGNKLTDIKPLANLKNLGWLFLDENKVKDLSSLKDLKKLKSLSLEHNGISDINGLVHLPQLESLYLGNNKITDITVLSRLTKLDTLSLEDNQISDIVPLAGLTKLQNLYLSKNHISDLRALAGLKNLDVLELFSQECLNKPINHQSNLVVPNTVKNTDGSLVTPEIISDDGDYEKPNVKWHLPEFTNEVSFIFYQPVTIGKAKARFHGRVTQPLKE,9.823908741,12,6DBG,,,,Affinity Benchmark v5.5
NIVLTQSPKSMSVSVGERVTLSCKASENVDTYVFWFQQKPDQSPKLLLYGPSNRYTGVPDRFTGSGSTTDFTLTISSVQAEDLADYHCGQSYSYPYTFGGGTKLEIKRADAAPTVSIFPPSSEQLTSGGASVVCFLNNFYPKDINVKWKIDGSERQNGVLNSWTDQDSKDSTYSMSSTLTLTKDEYERHNSYTCEATHKTSTSPIVKSFNRNECQVQLQQPGTELVRPGASVILSCKASGYTFTSYWINWVKQRPGQGLEWVGNIFPSDSYTNYNQKFKDKATLTVDKSSSTAYMQVNSPTSEDSAVYYCTRGARDTWFAYWGQGTLVTVSVAKTTPPSVFPLAPGSAAQTNSMVTLGCLVKGYFPEPVTVTWNSGSLSSGVHTFPAVLQSDLYTLSSSVTVPSSTWPSETVTCNVAHPASSTKVDKKIVPRDC,GVFNYETETTSVIPAARLFKAFILDGDNLFPKVAPQAISSVENIEGNGGPGTIKKISFPEGLPFKYVKDRVDEVDHTNFKYNYSVIEGGPIGDTLEKISNEIKIVATPDGGSILKISNKYHTKGDHEVKAEQVKASKEMGETLLRAVESYLLAHSDAYN,9.619788758,13,1FSK,,,,Affinity Benchmark v5.5
GSHSMRYFFTSVSRPGRGEPRFIAVGYVDDTQFVRFDSDAASQRMEPRAPWIEQEGPEYWDGETRKVKAHSQTHRVDLGTLRGYYNQSEAGSHTVQRMYGCDVGSDWRFLRGYHQYAYDGKDYIALKEDLRSWTAADMAAQTTKHKWEAAHVAEQLRAYLEGTCVEWLRRYLENGKETLQRTDAPKTHMTHHAVSDHEATLRCWALSFYPAEITLTWQRDGEDQTQDTELVETRPAGDGTFQKWAAVVVPSGQEQRYTCHVQHEGLPKPLTLRWEPQRTPKIQVYSRHPAENGKSNFLNCYVSGFHPSDIEVDLLKNGERIEKVEHSDLSFSKDWSFYLLYYTEFTPTEKDEYACRVNHVTLSQPKIVKWDRDM,SQFRVSPLDRTWNLGETVELKCQVLLSNPTSGCSWLFQPRGAAASPTFLLYLSQNKPKAAEGLDTQRFSGKRLGDTFVLTLSDFRRENEGYYFCSALSNSIMYFSHFVPVFLPASQFRVSPLDRTWNLGETVELKCQVLLSNPTSGCSWLFQPRGAAASPTFLLYLSQNKPKAAEGLDTQRFSGKRLGDTFVLTLSDFRRENEGYYFCSALSNSIMYFSHFVPVFLPA,3.886056648,14,1AKJ,,,,Affinity Benchmark v5.5
AQTVPYGIPLIKADKVQAQGFKGANVKVAVLDTGIQASHPDLNVVGGASFVAGEAYNTDGNGHGTHVAGTVAALDNTTGVLGVAPSVSLYAVKVLNSSGSGSYSGIVSGIEWATTNGMDVINMSLGGASGSTAMKQAVDNAYARGVVVVAAAGNSGNSGSTNTIGYPAKYDSVIAVGAVDSNSNRASFSSVGAELEVMAPGAGVYSTYPTNTYATLNGTSMASPHVAGAAALILSKHPNLSASQVRNRLSSTATYLGSSFYYGKGLINVEAAAQ,VDCSEYPKPACTLEYRPLCGSDNKTYGNKCNFCNAVVESNGTLTLSHFGKC,10.537602,15,1R0R,,,,Affinity Benchmark v5.5
EVQLVQSGAELKKPGESLKISCKASGYTFTNYWVVWVRQMPGEGLEWMGSIHPRDSDARYSLSFEGRVTFSVDKSTTTAYLQWSSLKVSDSAIYYCARLSQVSGWSPWVGPWGQGTLVTVSSASTKGPSVFPLAPSSKSTGGTAALGCLVKDYFPEPVTVSWNSGALTSGVHTFPAVLQSSGLYSLSSVVTVPSSSLGTQTYICNVNHKPSNTKVDKKVEPDIVMTQSPSSLSASVGDRVTITCRASQSISVSLNWYQQKPGKAPKVLIYAASRLQSGIPSRFSGSGSGSHFTLTISSLQPEDFATYYCQETYSDLMYTFGQGTKVEIKRTVAAPSVFIFPPSDEQLKSGTASVVCLLNNFYPREAKVQWKVDNALQSGNSQESVTEQDSKDSTYSLSSTLTLSKADYEKHKVYACEVTHQGLSSPVTKSFNR,AGLADALTAPLDHKDKGLQSLTLDQSVRKNEKLKLAAQGAEKTYGNGDSLNTGKLKNDKVSRFDFIRQIITLESGEFQVYKQSHSALTAFQTEQIQMVAKRQFRIGDIAGEHTSFDKLPEGGRATYRGTAFGSDDAGGKLTYTIDFAAKQGNGKIEHLKSPELNVDLAAADIKPDGKRHAVISGSVLYNQAEKGSYSLGIFGGKAQEVAGSAEVKTVNGIRHIGLAAKQ,10.7212464,16,5O14,,,,Affinity Benchmark v5.5
GSMRILMVGLDAAGKTTILYKLKLGEIVTTIPTIGFNVETVEYKNISFTVWDVGGLDKIRPLWRHYFQNTQGLIFVVDSNDRERVNEAREELMRMLAEDELRDAVLLVFANKQDLPNAMNAAEITDKLGLHSLRHRNWYIQATCATSGDGLYEGLDWLSNQLRNQ,IFEDEEKSKMLARLLKSSHPEDLRAANKLIKEMVQEDQKRM,5.958607315,17,1J2J,,,,Affinity Benchmark v5.5
MQTIKCVVVGDGAVGKTCLLISYTTNKFPSEYVPTVFDNYAVTVMIGGEPYTLGLFDTAGQEDYDRLRPLSYPQTDVFLVCFSVVSPSSFENVKEKWVPEITHHCPKTPFLLVGTQIDLRDDPSTIEKLAKNKQKPITPETAEKLARDLKAVKYVECSALTQKGLKNVFDEAILAALEPPEPKKSRRCVLL,LPNQQFGVSLQHLQEKNPEQEPIPIVLRETVAYLQAHALTTEGIFRRSANTQVVREVQQKYNMGLPVDFDQYNELHLPAVILKTFLRELPEPLLTFDLYPHVVGFLNIDESQRVPATLQVLQTLPEENYQVLRFLTAFLVQISAHSDQNKMTNTNLAVVFGPNLLWAKDAAITLKAINPINTFTKFLLDHQGELFPS,6.619788758,18,1GRN,,,,Affinity Benchmark v5.5
DQIKQTNAGAVYRLIDQLGPVSRIDLSRLAQLAPASITKIVREMLEAHLVQELEVGLVVETEAWHYLSLRISRGEIFLALRDLSSKLVVEESQELALKDDSPLLDRIISHIDQFFIRHQKKLERLTSIAITLPGIIDTENGIVHRMPFYEDVKEMPLGEALEQHTGVPVYIQHDISAWTMAEALFGASRGARDVIQVVIDHNVGAGVITDGHLLHAGSSSLVEIGHTQVDPYGKRCYCGNHGCLETIASVDSILELAQLRLNQSMHGQPLTVDSLCQAALRGDLLAKDIITGVGAHVGRILAIMVNLFNPQKILIGSPLSKAADILFPVISDSIRQQALPAYSQHISVESTQFSNQGTMAGAALVKDAMYNGSLLIRLLQGQIKQTNAGAVYRLIDQLGPVSRIDLSRLAQLAPASITKIVREMLEAHLVQELVGLVVETEAWHYLSLRISRGEIFLALRDLSSKLVVEESQELALKDDSPLLDRIISHIDQFFIRHQKKLERLTSIAITLPGIIDTENGIVHRMPFYEDVKEMPLGEALEQHTGVPVYIQHDISAWTMAEALFGASRGARDVIQVVIDHNVGAGVITDGHLLHAGSSSLVEIGHTQVDPYGKRCYCGNHGCLETIASVDSILELAQLRLNQSMSSMLHGQPLTVDSLCQAALRGDLLAKDIITGVGAHVGRILAIMVNLFNPQKILIGSPLSKAADILFPVISDSIRQQALPAYSQHISVESTQFSNMAGAALVKDAMYNGSLLIRLLQG,MAPALVAAFGGKENITNLDACITRLRVSVADVSKVDQAGLKKLGAAGVVVAGSGVQAIFGTKSDNLKTEMDEYIR,8.387216143,19,3BP8,,,,Affinity Benchmark v5.5
SAHGPSAMVFTVIQGSGEPTDTVLRATTLSCAYTAEGTHPAPRAACDALNATDGELNRLLAAPDPSLVCPMYFDPVTVTADGVLNGRRVAWKHTFSNTCVMSANLNSNPVYAFSAHGPSAMVFTVIQGSGEPTDTVLRATTLSCAYTAEGTHPAPRAACDALNATDGELNRLLAALVCPMYFDPVTVTADGVLNGRRVAWKHTFSNTCVMSANLNSNPVYAF,GPMVTVTYDPSNAPSFQQEIANAAQIWNSSVRNVQLRAGGNADFSYYEGNDSRGSYAQTDGHGRGYIFLDYQQNQQYDSTRVTAHETGHVLGLPDHYQGPCSELMSGGGPGPSCTNPYPNAQERSRVNALWANG,5.22184875,20,4HX3,,,,Affinity Benchmark v5.5
AQSVPYGVSQIKAPALHSQGYTGSNVKVAVIDSGIDSSHPDLKVAGGASMVPSETNPFQDNNSHGTHVAGTVAALNNSIGVLGVAPSASLYAVKVLGADGSGQYSWIINGIEWAIANNMDVINMSLGGPSGSAALKAAVDKAVASGVVVVAAAGNEGTSGSSSTVGYPGKYPSVIAVGAVDSSNQRASFSSVGPELDVMAPGVSIQSTLPGNKYGAYNGTSMASPHVAGAAALILSKHPNWTNTQVRSSLQNTTTKLGDSFYYGKGLINVQAAAQ,LKTEWPELVGKSVEEAKKVILQDKPEAQIIVLPVGTIVTMEYRIDRVRLFVDKLDNIAEVPRVG,11.69897,21,2SNI,,,,Affinity Benchmark v5.5
VRLSQSGGQMKKPGESMRLSCRASGYEFLNCPINWIRLAPGRRPEWMGWLKPRGGAVNYARKFQGRVTMTRDVYSDTAFLELRSLTSDDTAVYFCTRGKYCTARDYYNWDFEHWGRGAPVTVSSASTKGPSVFPLAPSSGGTAALGCLVKDYFPEPVTVSWNSGALTSGVHTFPAVLQSSGLYSLSSVVTVPSSSLGTQTYICNVNHKPSNTKVDKRVEPKVLTQSPATLSLSPGETAIISCRTSQSGSLAWYQQRPGQAPRLVIYSGSTRAAGIPDRFSGSRWGADYNLSISNLESGDFGVYYCQQYEFFGQGTKVQVDIKRTVAAPSVFIFPPSDEQLKSGTASVVCLLNNFYPREAKVQWKVDNALQSGNSQESVTEQDSKDSTYSLSSTLTLSKADYEKHKVYACEVTHQGLSSPVTKSFNRGEC,VWKDADTTLFCASDAKAHETECHNVWATHACVPTDPNPQEIHLENVTENFNMWKNNMVEQMQEDVISLWDQCLQPCVKLTGGSVIKQACPKISFDPIPIHYCTPAGYVILKCNDKNFNGTGPCKNVSSVQCTHGIKPVVSTQLLLNGSLAEEEIIIRSENLTNNAKTIIVHLNKSVEINCTRPSNDIRKAYCEINGTKWNKVLKQVTEKLKEHFNNKTIIFQPPSGGDLEITMHHFNCRGEFFYCNTTQLFNNTCIGCNGTITLPCKIKQIINMWQGTGQAMYAPPIDGKINCVSNITGILLTRDGGANNTSNETFRPGGGNIKDNWRSELYKYKVVQIE,6.795880017,22,3U7Y,,,,Affinity Benchmark v5.5
VAATSVVAWGGNNDWGEATVPAEAQSGVDAIAGGYFHGLALKGGKVLGWGANLNGQLTMPAATQSGVDAIAAGNYHSLALKDGEVIAWGGNEDGQTTVPAEARSGVDAIAAGAWASYALKDGKVIAWGDDSDGQTTVPAEAQSGVTALDGGVYTALAVKNGGVIAWGDNYFGQTTVPAEAQSGVDDVAGGIFHSLALKDGKVIAWGDNRYKQTTVPTEALSGVSAIASGEWYSLALKNGKVIAWGSSRTAPSSVQSGVSSIEAGPNAAYALKG,PETLVKVKDAEDQLGARVGYIELDLNSGKILESFRPEERFPMMSTFKVLLCGAVLSRVDAGQEQLGRRIHYSQNDLVEYSPVTEKHLTDGMTVRELCSAAITMSDNTAANLLLTTIGGPKELTAFLHNMGDHVTRLDRWEPELNEAIPNDERDTTMPVAMATTLRKLLTGELLTLASRQQLIDWMEADKVAGPLLRSALPAGWFIADKSGAGERGSRGIIAALGPDGKPSRIVVIYTTGSQATMDERNRQIAEIGASLIKHW,10.5654311,23,1JTD,,,,Affinity Benchmark v5.5
LTWHDVLAEEKQQPYFLNTLQTVASERQSGVTIYPPQKDVFNAFRFTELGDVKVVILGQDPYHGPGQAHGLAFSVRPGIAIPPSLLNMYKELENTIPGFTRPNHGYLESWARQGVLLLNTVLTVRAGQAHSHASLGWETFTDKVISLINQHREGVVFLLWGSHAQKKGAIIDKQRHHVLKAPHPSPLSAHRGFFGCNHFVLANQWLEQRGETPIDWMPVLPA,NLSDIIEKETGKQLVIQESILMLPEEVEEVIGNKPESDILVHTAYDESTDENVMLLTSDAPEYKPWALVIQDSNGENKIKML,13,24,1UUG,,,,Affinity Benchmark v5.5
EVQLVESGPGLVKPSDILSLTCAVSGYSISSNYYWGWIRQPPGKGLEWIGSIYHSGSTYYKPSLESRLGISVDTSKNQFSLKLSFVSAADTAVYYCARHVRSGYPDTAYYFDKWGQGTLVTVSSASTKGPSVFPLAPSGTAALGCLVKDYFPEPVTVSWNSGALTSGVHTFPAVLQSSGLYSLSSVVTVPSSSLGTQTYICNVNHKPSNTKVDKRVEPKSSYVLTQPPSVSVAPGETARISCGGNNIGTKVLHWYQQTPGQAPVLVVYDDSDRPSGIPERFSGSNSGNTATLTISRVEVGDEADYYCQVWDISTDQAVFGGGTKLTVLGQPKAAPSVTLFPPSSEELQANKATLVCLISDFYPGAVTVAWKADSSPVKAGVETTTPSKQSNNKYAASSYLSLTPEQWKSHRSYSCQVTHEGSTVEKTVAPTE,GVAPLHLGKCNIAGWILGNPECETASSWSYIVETSDNGTCYPGDFIDYEELREQLSSVSSFERFEIFPKTSSWPNHDSNKGVTAACPHAGAKSFYKNLIWLVKKGNSYPKLSKSYINDKGKEVLVLWGIHHPSTSADQQSLYQNADAYVFVGSSRYSKKFKPEIAIRPKVRDQEGRMNYYWTLVEPGDKITFEATGNLVVPRYAFAMERN,8,25,4M5Z,,,,Affinity Benchmark v5.5
PPLHDFYCSRLLDLVFLLDGSSRLSEAEFEVLKAFVVDMMERLRVSQKWVRVAVVEYHDGSHAYIGLKDRKRPSELRRIASQVKYAGSQVASTSEVLKYTLFQIFSKIDRPEASRIALLLMASQEPQRMSRNFVRYVQGLKKKKVIVIPVGIGPHANLKQIRLIEKQAPENKAFVLSSVDELEQQRDEIVSYLCDLAPE,DCPSGWSSYEGNCYKFFQQKMNWADAERFCSEQAKGGHLVSIKIYSKEKDFVGDLVTKNIQSSDLYAWIGLRVENKEKQCSSEWSDGSSVSYENVVERTVKKCFALEKDLGFVLWINLYCAQKNPFVCKSPPPDCPPDWSSYEGHCYRFFKEWMHWDDAEEFCTEQQTGAHLVSFQSKEEADFVRSLGDVVWIGLSDVWNKCRFEWTDGMEFDYDDYYLIAEYECVASKPTNNKWWIIPCTRFKNFVCEFQA,7.638272164,26,1IJK,,,,Affinity Benchmark v5.5
GVSETAPASRRGELAVCDAVSGWVTDRRTAVDLRGREVEVLGEVPAAGGSPLRQYFFETRCKADPGAGGGGCRGVDRRHWVSECKAKQSYVRALTADAQGRVGWRWIRIDTACVCTLLSRTTAPASRRGELAVCDAVSGWVTDRRTAVDLRGREVEVLGEVPAASPLRQYFFETRCKADAEEGGPGAGGGGCRGVDRRHWVSECKAKQSYVRALTADAQGRVGWRWIRIDTACVCTLLSRTG,SHMAPTITFLESPTSDHHWCIPFTVKGNPKPALQWFYNGAILNESKYICTKIHVTNHTEYHGCLQLDNPTHMNNGDYTLIAKNEYGKDEKQISAHFMGWPG,9.585026652,27,1HCF,,,,Affinity Benchmark v5.5
HDFYCSRLLDLVFLLDGSSRLSEAEFEVLKAFVVDMMEQLRISQKWVRVAVVEYHDGSHAYIGLKDRKRPSELRRIASQVKYAGSQVASTSEVLKYTLFQIFSKIDRPEASRIALLLMASQEPQRMSRNFVRYVQGLKKKKVIVIPVGIGPHANLKQIRLIEKQAPENKAFVLSSVDELEQQRDEIVSYLCDLAPEAPP,HPICEVSKVASHLEVNCDKRQLTALPPDLPKDTTILHLSENLLYTFSLATLMPYTRLTQLNLDRCELTKLQVDGTLPVLGTLDLSHNQLQSLPLLGQTLPALTVLDVSFNRLTSLPLGALRGLGELQELYLKGNELKTLPPGLLTPTPKLEKLSLANNQLTELPAGLLNGLENLDTLLLQENSLYTIPKGFFGSHLLPFAFLHGNPWLCNCEILYFRRWLQDNAENVYVWKQGVDVKAVTSNVASVQCDNSDKFPVYKYPGKGCPTL,8.236572006,28,1M10,,,,Affinity Benchmark v5.5
IVGGYTCAANSIPYQVSLNSGSHFCGGSLINSQWVVSAAHCYKSRIQVRLGEHNIDVLEGNEQFINAAKIITHPNFNGNTLDNDIMLIKLSSPATLNSRVATVSLPRSCAAAGTECLISGWGNTKSSGSSYPSLLQCLKAPVLSDSSCKSSYPGQITGNMICVGFLEGGKDSCQGDSGGPVVCNGQLQGIVSWGYGCAQKNKPGVYTKVCNYVNWIQQTIAAN,DFVLDNEGNPLENGGTYYILSDITAFGGIRAAPTGNERCPLTVVQSRNELDKGIGTIISSPYRIRFIAEGHPLSLKFDSFAVIMLCVGIPTEWSVVEDLPEGPAVKIGENKDAMDGWFRLERVSDDEFNNYKLVFCPQKCGDIGISIDHDDGTRRLVVSKNKPLVVQFQKLD,9.318758763,29,1AVX,,,,Affinity Benchmark v5.5
EVQLQQSGAELVKPGASVKLSCTASGFNIKDTYMHWVKQRPEKGLEWIGRIDPASGNTKYDPKFQDKATITADTSSNTAYLQLSSLTSEDTAVYYCAGYDYGNFDYWGQGTTLTVSSAETTPPSVYPLAPGTAALKSSMVTLGCLVKGYFPEPVTVTWNSGSLSSGVHTFPAVLQSDLYTLTSSVTVPSSTWPSQTVTCNVAHPASSTKVDKKIVPRNCGGDCDIQMTQSPASLSASVGETVTITCRASGNIHNYLAWYQQKQGKSPQLLVYNAKTLADGVPSRFSGSGSGTQYSLKINSLQPEDFGSYYCQHFWSTPWTFGGGTKLEIKRADAAPTVSIFPPSSEQLTSGGASVVCFLNNFYPKDINVKWKIDGSERQNGVLNSWTDQDSKDSTYSMSSTLTLTKDEYERHNSYTCEATHKTSTSPIVKSFNRNEC,GDVEKGKKIFVQKCAQCHTVEKGGKHKTGPNLHGLFGRKTGQAPGFTYTDANKNKGITWKEETLMEYLENPKKYIPGTKMIFAGIKKKTEREDLIAYLKKATNE,9.148741651,30,1WEJ,,,,Affinity Benchmark v5.5
VQLQESGGGLVQPGESLRLSCVGSGSSFGESTLSYYAVSWVRQAPGKGLEWLSIINAGGGDIDYADSVEGRFTISRDNSKETLYLQMTNLRVEDTGVYYCAKHMSMQQVVSAGWERADLVGDAFDVWGQGTMVTVSSASTKGPSVFPLAPSSKSTSGGTAALGCLVKDYFPEPVTVSWNSGALTSGVHTFPAVLQSSGLYSLSSVVTVPSSSLGTQTYICNVNHKPSNTKVDKRVEPKDIQLTQSPSSLSASVGDRVTLTCQASQDIRKFLNWYQQKPGKGPKLLIYDASNLQRGVPSRFSGGGSGTDFTLIISSLQPEDVGTYYCQQYDGLPFTFGGGTKVVIKRTVAAPSVFIFPPSDEQLKSGTASVVCLLNNFYPREAKVQWKVDNALQSGNSQESVTEQDSKDSTYSLSSTLTLSKADYEKHKVYACEVTHQGLSSPVTKSFNRGE,VQSSSTGKICNNPHRILDGIDCTLIDALLGDPHCDVFQNETWDLFVERSKAFSNCYPYDVPDYASLRSLVASSGTLEFITEGFTWTGVTQNGGSNACKRGPGSGFFSRLNWLTKSGSTYPVLNVTMPNNDNFDKLYIWGVHHPSTNQEQTSLYVQASGRVTVSTRRSQQTIIPNIGSRPWVRGLSSRISIYWTIVKPGDVLVINSNGNLIAPRGYFKMRTGKSSIMRSDAPIDTCISECITPNGSIPNDKPFQNVNKITYGACPKYV,6.366531544,31,4FP8,,,,Affinity Benchmark v5.5
MDAVAVYHGKISRETGEKLLLATGLDGSYLLRDSESVPGVYCLCVLYHGYIYTYRVSQTETGSWSAETAPGVHKRYFRKIKNLISAFQKPDQGIVIPLQYPVEKKSLTIYAQVQK,VTLFVALYDYEARTEDDLSFHKGEKFQILNSSEGDWWEARSLTTGETGYIPSNYVAPVDSI,5.462180905,32,1M27,,,,Affinity Benchmark v5.5
RVDQTPQRITKETGESLTINCVVRDSRCVLSTGYWYRKPPGSRNEESISDGGRYVETVNRGSKSFSLRINDLTVKDSGTYRCKPESRYGSYDAVCAALNDQYGGGTVVTVNAAA,KVFGRCELAAAMKRHGLDNYRGYSLGNWVCAAKFESNFNTQATNRNTDGSTDYGILQINSRWWCNDGRTPGSRNLCNIPCSALLSSDITASVNCAKKIVSDGNGMNAWVAWRNRCKGTDVQAWIRGCRL,9,33,2I25,,,,Affinity Benchmark v5.5
MTEYKLVVVGAGGVGKSALTIQLIQNHFVDEYDPTIEDSYRKQVVIDGETCLLDILDTGGQEEYSAMRDQYMRTGEGFLCVFAINNTKSFEDIHQYREQIKRVKDSDDVPMVLVGNKCDLAARTVESRQAQDLARSYGIPYIETSAKTRQGVEDAFYTLVREIRQH,QMRLPSADVYRFAEPDSEENIIFEEGIPIIKAGTVIKLIERLTYHMYADPNFVRTFLTTYRSFCKPQELLSLIIERFEIPEPEPTEADRIAIENGDQPLSAELKRFRKEYIQPVQLRVLNVCRHWVEHHFYDFERDAYLLQRMEEFIGTVRGKAMKKWVESITKIIQRKKIAHNITFQSSPPTVEWHISRPGHIETFDLLTLHPIEIARQLTLLESDLYRAVQPSELVGSVWTKEDKEINSPNLLKMIRHTTNLTLWFEKCIVETENLEERVAVVSRIIEILQVFQELNNFNGVLEVVSAMNSSPVYRLDHTFEQIPSRQKKILEEAHELSEDHYKKYLAKLRSINPPCVPFFGIYLTNILKTEEGNPEVLKRHGKELINFSKRRKVAEITGEIQQYQNQPYCLRVESDIKRFFENLNPMGNSMEKEFTDYLFNKSLEIEPRNPKPLPRFPKKYSYPLKSPGVRPSNPR,5.443697499,34,1NVU,,,,Affinity Benchmark v5.5
MTEYKLVVVGAGGVGKSALTIQLIQNHFVDEYDPTIEDSYRKQVVIDGETCLLDILDTGGQEEYSAMRDQYMRTGEGFLCVFAINNTKSFEDIHQYREQIKRVKDSDDVPMVLVGNKCDLAARTVESRQAQDLARSYGIPYIETSAKTRQGVEDAFYTLVREIRQH,QMRLPSADVYRFAEPDSEENIIFEEGIPIIKAGTVIKLIERLTYHMYADPNFVRTFLTTYRSFCKPQELLSLIIERFEIPEPEPTEADRIAIENGDQPLSAELKRFRKEYIQPVQLRVLNVCRHWVEHHFYDFERDAYLLQRMEEFIGTVRGKAMKKWVESITKIIQRKKIAHNITFQSSPPTVEWHISRPGHIETFDLLTLHPIEIARQLTLLESDLYRAVQPSELVGSVWTKEDKEINSPNLLKMIRHTTNLTLWFEKCIVETENLEERVAVVSRIIEILQVFQELNNFNGVLEVVSAMNSSPVYRLDHTFEQIPSRQKKILEEAHELSEDHYKKYLAKLRSINPPCVPFFGIYLTNILKTEEGNPEVLKRHGKELINFSKRRKVAEITGEIQQYQNQPYCLRVESDIKRFFENLNPMGNSMEKEFTDYLFNKSLEIEPRNPKPLPRFPKKYSYPLKSPGVRPSNPR,5.721246399,35,1NVU,,,,Affinity Benchmark v5.5
GWEIITTDEQGNIIDGGTEHYLKRSSDGIKLGRGDSVVMHNEAAGTYSVYMIQELRLNTLNNVVELWALTYLRWFEVNPLAHYRQFNPDANILNRPLNYYNKLFSETANKNELYLTAELAELQLFNFIRVANVMDGSKWEVLKGNVDPERDFTVRYICEPTGEKFVDINIEDVKAYIKKVEPREAQEYLKDLTLP,EEYVSPRFLVADGFLIDLAEEKPINPKDPRLLTLLKDHQRAMIDQMNLVKWNDFKKYQDPIPLKAKTLFKFCKQIKKKFLRGADFKLHTLPTEANLKYEPERMTVLASCVPILLDDQTVQYLYDD,6.698970004,36,1ZHI,,,,Affinity Benchmark v5.5
MPELPDFFEGKHFFLYGEFPGDERRRLIRYVTAFNGELEDRMNERVQFVITAQEWDPNFEEALMENPSLAFVRPRWIYSCNEKQKLLPHQLYGVVPQ,VLLDIFTGVRLYLPPSTPDFSRLRRYFVAFDGDLVQEFDMTSATHVLGSRDKNPAAQQVSPEWIWACIRKRRLVAPS,6.991399828,37,3PC8,,,,Affinity Benchmark v5.5
DVQLKQSGPGLVQPSQSLSITCTVSGFSLIDYGVHWVRQSPGKGLEWLGVIWTGGSTDYNAAFISRLTISKDNSKSQVFFKMNSLQANDTGIYYCGRPYYGNVMDYWGQGTSVTVDIQMTQTTSSLSASLGDRVTISCRASQDISNYLNWYQQKPDGTVKLLIYYTSRLHSGVPSRFSGSGSGTDYSLTISNLEQEDIATYFCQQGNTFPPTFGGGTKLEIKR,GELRVLLTVGSIMSPNSADRQVWLNKTLTAPGTNSNDNLVKIAHDLGHYLIMQGFMHIKTVEWYTPDFQPSRDPTPIAGMSVMVNITKKADVYFMKQFKNSYTNNRHQITSIFLIKPLADFKVQCYMSYFKRESHDNDGVANLTVRSMTSPETIRFQVGEWYLLTSTTLKENNLPEGWVWDRVELKSDTPYYADQALTYFITPPPVDSQILFEGNTELRVLLTVGSIMSPNSADRQVWLNKTLTAPGTNSNDNLVKIAHDLGHYLIMQGFMHIKTVEWYTPDFQPSRDPTPIAGMSVMVNITKKADVYFMKQFKNSYTNNRHQITSIFLIKPLADFKVQCYMSYFKRESHDNDGVANLTVRSMTSPETIRFQVGEWYLLTSTTLKENNLPEGWVWDRVELKSDTPYYADQALTYFITPPPVDSQILFEGNTAAA,8.728158393,38,5KOV,,,,Affinity Benchmark v5.5
PTFYRQELNKTIWEVPERYQNLSPVGSGAYGSVCAAFDTKTGHRVAVKKLSRPFQSIIHAKRTYRELRLLKHMKHENVIGLLDVFTPARSLEEFNDVYLVTHLMGADLNNIVKCQKLTDDHVQFLIYQILRGLKYIHSADIIHRDLKPSNLAVNEDCELKILDFGLAGYVATRWYRAPEIMLNWMHYNQTVDIWSVGCIMAELLTGRTLFPGTDHIDQLKLILRLVGTPGAELLKKISSESARNYIQSLAQMPKMNFANVFIGANPLAVDLLEKMLVLDSDKRITAAQALAHAYFAQYHDPDDEPVADPYDQSFESRDLLIDEWKSLTYDEVISFVPPPL,GLQIKKNAIIDDYKVTSQVLGLGINGKVLQIFNKRTQEKFALKMLQDCPKARREVELHWRASQCPHIVRIVDVYENLYAGRKCLLIVMECLDGGELFSRIQDRGDQAFTEREASEIMKSIGEAIQYLHSINIAHRDVKPENLLYTSKRPNAILKLTDFGFAKETTSHNSLTTPCYTPYYVAPEVLGPEKYDKSCDMWSLGVIMYILLCGYPPFYSNHGLRIRMGQYEFPNPEWSEVSEEVKMLIRNLLKTEPTQRMTITEFMNHPWIMQSTKVPQTPLHTSRVLKEDKERWEDVKEEMTSALATMRVDYEQIKIKKIEDASNPLLLKRRKKA,8.602059991,39,2OZA,,,,Affinity Benchmark v5.5
SGADINNYAGQIKSAIESKFYDASSYAGKTCTLRIKLAPDGMLLDIKPEGGDPALCQAALAAAKLAKIPKPPSQAVYEVFKNAPLDFKPA,TTDAECLSKPAFDGTLSNVWKEGDSRYANFENCIYELSGIGIGYDNDTSWNGHWTPVRAAD,5.356547324,40,2X9A,,,,Affinity Benchmark v5.5
ADKELKFLVVDDFSTMRRIVRNLLKELGFNNVEEAEDGVDALNKLQAGGYGFVISDWNMPNMDGLELLKTIRADGAMSALPVLMVTAEAKKENIIAAAQAGASGYVVKPFTAATLEEKLNKIFEKLGM,ARRIILSRLKAGEVDLLEEELGHLTTLTDVVKGADSLSAILPGDIAEDDITAVLCFVIEADQITFETV,5.853871964,41,1FFW,,,,Affinity Benchmark v5.5
AAVTQSPRNKVAVTGEKVTLSCQQTNNHNNMYWYRQDTGHGLRLIHYSYGAGSTEKGDIPDGYKASRPSQEQFSLILESATPSQTSVYFCASGGGGTLYFGAGTRLSVL,SQPDPMPDDLHKSSEFTGTMGNMKYLYDDHYVSATKVKSVDKFLAHDLIYNISDKKLKNYDKVKTELLNEDLAKKYKDEVVDVYGSNYYVNCYFSSKDNVWWHGKTCMYGGITKHEGNHFDNGNLQNVLVRVYENKRNTISFEVQTDKKSVTAQELDIKARNFLINKKNLYEFNSSPYETGYIKFIENNGNTFWYDMMPAPGDKFDQSKYLMMYNDNKTVDSKSVKIEVHLTTK,7.017728767,42,3BZD,,,,Affinity Benchmark v5.5
IVGGYTCQENSVPYQVSLNSGYHFCGGSLINDQWVVSAAHCYKSRIQVRLGEHNINVLEGDEQFVNAAKIIKHPNFDRKTLNNNIMLIKLSSPVKLNARVATVALPSSCAPAGTQCLISGWGNTLSSGVNEPDLLQCLDAPLLPQADCEASYPGKITDNMVCVGFLEGGKDSCQGDSGGPVVCNGELQGIVSWGYGCALPDNPGVYTKVCNYVDWIQDTIAAN,SVQPLEKIAPYPQAEKGMKRQVIQLTPQEDESTLKVELLIGQTLEVDCNLHRLGGKLENKTLEGWGFPYYVFDKVSSPVSTMMACPDGKKEKKFVTAYLGDAGMLRYNSKLPIVVYTPDNVDVKYRVWKAEEKIDNAVVRSVQPLEKIAPYPQAEKGMKRQVIQLTPQEDESTLKVELLIGQTLEVDCNLHRLGGKLENKTLEGWGFPYYVFDKVSSPVSTMMACPDGKKEKKFVTAYLGDAGMLRYNSKLPIVVYTPDNVDVKYRVWKAEEKIDNAVVR,10.09691001,43,1EZU,,,,Affinity Benchmark v5.5
QVQFKLVLVGDGGTGKTTFVKRHLKKYVATLGVEVHPLVFHTNRGPIKFNVWDTAGQEKFGGLRDGYYIQAQCAIIMFDVTSRVTYKNVPNWHRDLVRVCENIPIVLCGNKVDIKDRKVKAKSIVFHRKKNLQYYDISAKSNYNFEKPFLWLARKLIGDPNLEFV,KVSHRSHSTEPGLVLTLGQGDVGQLGLGENVMERKKPALVSIPEDVVQAEAGGMHTVCLSKSGQVYSFGCNDEGALGRDTSVEGSEMVPGKVELQEKVVQVSAGDSHTAALTDDGRVFLWGSFRDNNGVIGLLEPMKKSMVPVQVQLDVPVVKVASGNDHLVMLTADGDLYTLGCGEQGQLGRVPELFANRGGRQGLERLLVPKCVMLKHVRFQDAFCGAYFTFAISHEGHVYGFGLSNYHQLGTPGTESCFIPQNLTSFKNSTKSWVGFSGGQHHTVCMDSEGKAYSLGRAEYGRLGLGEGAEEKSIPTLISRLPAVSSVACGASVGYAVTKDGRVFAWGMGTNYQLGTGQDEDAWSPVEMMGKQLENRVVLSVSSGGQHTVLLVKD,11.60205999,44,1I2M,,,,Affinity Benchmark v5.5
VQLVESGGGLVQAGDSLRLSCTASGRTLGDYGVAWFRQAPGKEREFVSVISRSTIITDYADSVRGRFSISADSAKNTVYLQMNSLKPEDTAVYYCAVIANPVYATSRNSDDYGHWGQGTQVTVSS,QYPIINFTTAGATVQSYTNFIRAVRGRLTVLPNRVGLPINQRFILVELSNHAELSVTLALDVTNAYVVGYRAGNSAYFFHPDNQEDAEAITHLFTDVQNRYTFAFGGNYDRLEQLAGNLRENIELGNGPLEEAISALYYYSTGGTQLPTLARSFIICIQMISEAARF,10.20273246,45,5SV3,,,,Affinity Benchmark v5.5
QYAPQTQSGRTDIVHLFEWRWVDIALECERYLGPKGFGGVQVSPPNENVVVTNPSRPWWERYQPVSYKLCTRSGNENEFRDMVTRCNNVGVRIYVDAVINHMCGSGAAAGTGTTCGSYCNPGSREFPAVPYSAWDFNDGKCKTASGGIESYNDPYQVRDCQLVGLLDLALEKDYVRSMIADYLNKLIDIGVAGFRLDASKHMWPGDIKAVLDKLHNLNTNWFPAGSRPFIFQEVIDLGGEAISSSEYFGNGRVTEFKYGAKLGTVVRKWSGEKMSYLKNWGEGWGFMPSDRALVFVDNHDNQRGHGAGGSSILTFWDARLYKVAVGFMLAHPYGFTRVMSSYRWARNFVNGEDVNDWIGPPNNNGVIKEVTINADTTCGNDWVCEHRWREIRNMVWFRNVVDGQPFANWWDNGSNQVAFGRGNRGFIVFNNDDWQLSSTLQTGLPGGTYCNVISGDKVGNSCTGIKVYVSSDGTAQFSISNSAQDPFIAIHAESKL,VSEPAPSCVTLYQSWRYSQADNGCAETVTVKVVYEDDTEGLCYAVAPGQITTVGDGYIGSHGHARYLARCL,11.03621217,46,1BVN,,,,Affinity Benchmark v5.5
MKIAIPKERRPGEDRVAISPEVVKKLVGLGFEVIVEQGAGVGASITDDALTAAGATIASTAAQALSQADVVWKVQRPMTAEEGTDEVALIKEGAVLMCHLGALTNRPVVEALTKRKITAYAMELMPRISRAQSMDILSSQSNLAGYRAVIDGAYEFARAFPMMMTAAGTVPPARVLVFGVGVAGLQAIATAKRLGAVVMATDVRAATKEQVESLGGKFITVDDEAMKTAETAGGYAKEMGEEFRKKQAEAVLKELVKTDIAITTALIPGKPAPVLITEEMVTKMKPGSVIIDLAVEAGGNCPLSEPGKIVVKHGVKIVGHTNVPSRVAADASPLFAKNLLNFLTPHVDKDTKTLVMKLEDETVSGTCVTRDGAIVHPAMKIAIPKERRPGEDRVAISPEVVKKLVGLGFEVIVEQGAGVGASITDDALTAAGATIASTAAQALSQADVVWKVQRPMTAEEGTDEVALIKEGAVLMCHLGALTNRPVVEALTKRKITAYAMELMPRISRAQSMDILSSQSNLAGYRAVIDGAYEFARAFPMMMTAAGTVPPARVLVFGVGVAGLQAIATAKRLGAVVMATDVRAATKEQVESLGGKFITVDGEEFRKKQAEAVLKELVKTDIAITTALIPGKPAPVLITEEMVTKMKPGSVIIDLAVEAGGNCPLSEPGKIVVKHGVKIVGHTNVPSRVAADASPLFAKNLLNFLTPHVDKDTKTLVMKLEDETVSGTCVTRDGAIVHPALTG,SVKAGSAEDAAFIMKNASKVIIVPGYGMAVAQAQHALREMADVLKKEGVEVSYAIHPVAGRMPGHMNVLLAEANVPYDEVFELEEINSSFQTADVAFVIGANDVTNPAAKTDPSSPIYGMPILDVEKAGTVLFIKRSMASGYAGVENELFFRNNTMMLFGDAKKMTEQIVQAM,7.795880017,47,2OOR,,,,Affinity Benchmark v5.5
IVGGYTCGANTVPYQVSLNSGYHFCGGSLINSQWVVSAAHCYKSGIQVRLGEDNINVVEGNEQFISASKSIVHPSYNSNTLNNDIMLIKLKSAASLNSRVASISLPTSCASAGTQCLISGWGNTKSSGTSYPDVLKCLKAPILSDSSCKSAYPGQITSNMFCAGYLEGGKDSCQGDSGGPVVCSGKLQGIVSWGSGCAQKNKPGVYTKVCNYVSWIKQTIASN,RPDFCLEPPYTGPCKARIIRYFYNAKAGLCQTFVYGGCRAKRNNFKSAEDCMRTCGGA,5.619788758,48,2TGP,,,,Affinity Benchmark v5.5
KETAAAKFERQHMDSSTSAASSSNYCNQMMKSRNLTKDRCKPVNTFVHESLADVQAVCSQKNVACKNGQTNCYQSYSTMSITDCRETGSSKYPNCAYKTTQANKHIIVACEGNPYVPVHFDASV,MNLDIHCEQLSDARWTELLPLLQQYEVVRLDDCGLTEEHCKDIGSALRANPSLTELCLRTNELGDAGVHLVLQGLQSPTCKIQKLSLQNCSLTEAGCGVLPSTLRSLPTLRELHLSDNPLGDAGLRLLCEGLLDPQCHLEKLQLEYCRLTAASCEPLASVLRATRALKELTVSNNDIGEAGARVLGQGLADSACQLETLRLENCGLTPANCKDLCGIVASQASLRELDLGSNGLGDAGIAELCPGLLSPASRLKTLWLWECDITASGCRDLCRVLQAKETLKELSLAGNKLGDEGARLLCESLLQPGCQLESLWVKSCSLTAACCQHVSLMLTQNKHLLELQLSSNKLGDSGIQELCQALSQPGTTLRVLCLGDCEVTNSGCSSLASLLLANRSLRELDLSNNCVGDPGVLQLLGSLEQPGCALEQLVLYDTYWTEEVEDRLQALEGSKPGLRVIS,13.22914799,49,1DFJ,,,,Affinity Benchmark v5.5
IVGGYTCGANTVPYQVSLNSGYHFCGGSLINSQWVVSAAHCYKSGIQVRLGEDNINVVEGNEQFISASKSIVHPSYNSNTLNNDIMLIKLKSAASLNSRVASISLPTSCASAGTQCLISGWGNTKSSGTSYPDVLKCLKAPILSDSSCKSAYPGQITSNMFCAGYLEGGKDSCQGDSGGPVVCSGKLQGIVSWGSGCAQKNKPGVYTKVCNYVSWIKQTIASN,CTVPIGWSEPVKGLCKARFTRYYCMGNCCKVYEGCYTGGYSRMGECARNCPA,8.251811973,50,2UUY,,,,Affinity Benchmark v5.5
EIQLQQSGPELVKPGASVKVSCKASGYSFTDYFIYWVKQSHGKSLEWIGDIDPYNGDTSYNQKFRDKATLTVDQSSTTAFMHLNSLTSEDSAVYFCARGLRFWGQGTLVTVSAAKTTPPSVYPLAPGSMVTLGCLVKGYFPEPVTVTWNSGSLSSGVHTFPAVLQSDLYTLSSSVTVPSSTWPSETVTCNVAHPASSTKVDKKIVPRDIQMTQSPSSLSASLGERVSLTCRASQDIGSKLYWLQQEPDGTFKRLIYATSSLDSGVPKRFSGSRSGSDYSLTISSLESEDFVDYYCLQYASSPYTFGGGTKLAIKRADAAPTVSIFPPSSEQLTSGGASVVCFLNNFYPKDINVKWKIDGSERQNGVLNSWTDQDSKDSTYSMSSTLTLTKDEYERHNSYTCEATHKTSTSPIVKSFNRNE,YFGKLESKLSVIRNLNDQVLFIDQGNRPLFEDMTDSDARDNAPRTIFIISMYKDSQPRGMAVTISVKAEKISTLSAENKIISFKEMNPPDNIKDTKSDIIFFQRSVPGHDNKMQFESSSYEGYFLAAEKERDLFKLILKKEDELGDRSIMFTVQNE,9.273272791,51,2VXT,,,,Affinity Benchmark v5.5
ETTALVCDNGSGLVKAGFAGDDAPRAVFPSIVGRPRSYVGDEAQSKRGILTLKYPIEHGIITNWDDMEKIWHHTFYNELRVAPEEHPTLLTEAPLNPKANREKMTQIMFETFNVPAMYVAIQAVLSLYASGRTTGIVLDSGDGVTHNVPIYEGYALPHAIMRLDLAGRDLTDYLMKILTERGYSFVTTAEREIVRDIKEKLCYVALDFENEMATAASSSSLEKSYELPDGQVITIGNERFRCPETLFQPSFIGMESAGIHETTYNSIMKCDIDIRKDLYANNVMSGGTTMYPGIADRMQKEITALAPSTMKIKIIAPPERKYSVWIGGSILASLSTFQQMWITKQEYDE,LERGRDYEKNKVCKEFSHLGKEDFTSLSLVLYSRKFPSGTFEQVSQLVKEVVSLTEACCAEGADPDCYDTRTSALSAKSCESNSPFPVHPLKHQPQEFPTYVEPTNDEICEAFRKDPKEYANQFMWEYSTNYGQAPLSLLVSYTKSYLSMVGSCCTSASPTVCFLKERLQLKHLSLLTTLSNRVCSQYAAYGEKKSRLSNLIKLAQKVPTADLEDVLPLAEDITNILSKCCESASEDCMAKELPEHTVKLCDNLSTKNSKFEDCCQEKTAMDVFVCTYFMPAAQLPELPDVELPTNKDVCDPGNTKVMDKYTFELSRRTHLPEVFLSKVLEPTLKSLGECCDVEDSTTCFNAKGPLLKKELSSFIDKGQELCADYSENTFTEYKKKLAERLKAKLPDATPKELAKLVNKRSDFASNCCSINSPPLYCDSEIDAELKNI,9.045757491,52,1KXP,,,,Affinity Benchmark v5.5
APSPIIKFPGDVAPKTDKELAVQYLNTFYGCPKESCNLFVLKDTLKKMQKFFGLPQTGDLDQNTIETMRKPRCGNPDVANYNFFPRKPKWDKNQITYRIIGYTPDLDPETVDDAFARAFQVWSDVTPLRFSRIHDGEADIMINFGRWEHGDGYPFDGKDGLLAHAFAPGTGVGGDSHFDDDELWTLGEGQVVRVKYGNADGEYCKFPFLFNGKEYNSCTDTGRSDGFLWCSTTYNFEKDGKYGFCPHEALFTMGGNAEGQPCKFPFRFQGTSYDSCTTEGRTDGYRWCGTTEDYDRDKKYGFCPETAMSTVGGNSEGAPCVFPFTFLGNKYESCTSAGRSDGKMWCATTANYDDDRKWGFCPDQGYSLFLVAAHAFGHAMGLEHSQDPGALMAPIYTYTKNFRLSQDDIKGIQELYGASPDTPTLGPVTPEICKQDIVFDGIAQIRGEIFFFKDRFIWRTVTPRDKPMGPLLVATFWPELPEKIDAVYEAPQEEKAVFFAGNEYWIYSASTLERGYPKPLTSLGLPPDVQRVDAAFNWSKNKKTYIFAGDKFWRYNEVKKKMDPGFPKLIADAWNAIPDNLDAVVDLQGGGHSYFFKGAYYLKLENQSLKSVKFGSIKSDWLG,CSCSPVHPQQAFCNADVVIRAKAVSEKEVDSGNDIYGNPIKRIQYEIKQIKMFKGPEKDIEFIYTAPSSAVCGVSLDVGGKKEYLIAGKAEGDGKMHITLCDFIVPWDTLSTTQKKSLNHRYQMGCECKITRCPMIPCYISSPDECLWMDWVTEKNINGHQAKFFACIKRSDGSCAWYRGAAPPKQEFLDIE,8.283996656,53,1GXD,,,,Affinity Benchmark v5.5
QVQLQESGGGLVQAGGSLRLSCAASGYISDAYYMGWYRQAPGKEREFVATITHGTNTYYADSVKGRFTISRDNAKNTVYLQMNSLKPEDTAVYYCAVLETRSYSFRYWGQGTQVTVSSLE,AHKSEVAHRFKDLGEENFKALVLIAFAQYLQQCPFEDHVKLVNEVTEFAKTCVADESAENCDKSLHTLFGDKLCTVATLRETYGEMADCCAKQEPERNECFLQHKDDNPNLPRLVRPEVDVMCTAFHDNEETFLKKYLYEIARRHPYFYAPELLFFAKRYKAAFTECCQAADKAACLLPKLDELRDEGKASSAKQRLKCASLQKFGERAFKAWAVARLSQRFPKAEFAEVSKLVTDLTKVHTECCHGDLLECADDRADLAKYICENQDSISSKLKECCEKPLLEKSHCIAEVENDEMPADLPSLAADFVESKDVCKNYAEAKDVFLGMFLYEYARRHPDYSVVLLLRLAKTYETTLEKCCAAADPHECYAKVFDEFKPLVEEPQNLIKQNCELFEQLGEYKFQNALLVRYTKKVPQVSTPTLVEVSRNLGKVGSKCCKHPEAKRMPCAEDYLSVVLNQLCVLHEKTPVSDRVTKCCTESLVNRRPCFSALEVDETYVPKEFNAETFTFHADICTLSEKERQIKKQTALVELVKHKPKATKEQLKAVMDDFAAFVEKCCKADDKETCFAEEGKKLVAASQAALG,6.366531544,54,5VNW,,,,Affinity Benchmark v5.5
GALESLRGNADLAYILSMEPCGHCLIINNVNFCRESGLRTRTGSNIDCEKLRRRFSSLHFMVEVKGDLTAKKMVLALLELARQDHGALDCCVVVILSHGCQASHLQFPGAVYGTDGCPVSVEKIVNIFNGTSCPSLGGKPKLFFIQACGATPFQSSLPTPSDIFVSYSTFPGFVSWRDPKSGSWYVETLDDIFEQWAHSEDLQSLLLRVANAVSVKGIYKQMPGCFNFLRKKLFFKTS,LPRNPSMADYEARIFTFGTWIYSVNKEQLARAGFYALGEGDKVKCFHCGGGLTDWKPSEDPWEQHAKWYPGCKYLLEQKGQEYINNIHLTH,7.886056648,55,1NW9,,,,Affinity Benchmark v5.5
SLRCMQCKTNGDCRVEECALGQDLCRTTIVRLWEEGEELELVEKSCTHSEKTNRTLSYRTGLKITSLTEVVCGLDLCNQGNSGRAVTYSRSRYLECISCGSSDMSCHQSLQCRSPEEQCLDVVTHWIQRPKDDRHLRGCGYLPGCPGSNGFHNQDTFHFLKCCQTTKCNEGPILELENLPQNGRQCYSCKGQSTHGCSSEETFLIDCRGPMNQCLVATGTHEPKQQSYMVRGCATASAHLGDAFSMNHIDVSCCTKSGCNHPDLD,CDCLNGGTCVSNKYFSNIHWCNCPKKFGGQHCEIDKSKTCYEGNGHFYRGKASTDTMGRPCLPWNSATVLQQTYHAHRSDALQLGLGKHNYCRNPDNRRRPWCYVQVGLKPLVQECMVHDCA,9.48148606,56,2I9B,,,,Affinity Benchmark v5.5
VINTFDGVADYLQTYHKLPDNYITKSEAQALGWVASKGNLADVAPGKSIGGDIFSNREGKLPGKSGRTWREADINYTSGFRNSDRILYSSDWLIYKTTDHYQTFTKIR,KKAVINGEQIRSISDLHQTLKKELALPEYYGENLDALWDALTGWVEYPLVLEWRQFEQSKQLTGAESVLQVFREAKAEGADITIILS,12.69897,57,1BRS,,,,Affinity Benchmark v5.5
HSSGVSTQSVDLSQIKRGDEIQAHCLTPAETEVTECAGILKDVLSKNLHELQGLCNVKNKMGVPWVSVEELGQEIITGRLPFPSVGGTPVNDLVRVLVVAESNTPEETPEEEFYAYVELQTELYTFGLSDDNVVFTSDYMTVWMIDIPKSYVDVGMLTRATFLEQWPGAKVTVMIPYSSTFTWCGELGAISEESAPQPSLSARSPVCKNSARYSTSKFCEVDGCTAETGMEKMSLLTPFGGPPQQAKMNTCPCYYKYSVSPLPAMDHLILADLAGLDSLTSPVYVMAAYFDSTHENPVRPSSKLYHCALQMTSHDGVWTSTSSEQCPIRLVEGQSQNVLQVRVAPTSMPNLVGVSLMLEGQQYRLEYFGDHHSSGVSTQSVDLSQIKRGDEIQAHCLTPAETEVTECAGILKDVLSKNLHELQGLCNVKNKMGVPWVSVEELGQEIITGRLPFPSVGGTPVNDLVRVLVVAESNTPEETPEEEFYAYVELQTELYTFGLSDDNVVFTSDYMTVWMIDIPKSYVDVGMLTRATFLEQWPGAKVTVMIPYSSTFTWCGELGAISEESAPQPSLSARSPVCKNSARYSTSKFCEVDGCTAETGMEKMSLLTPFGGPPQQAKMNTCPCYYKYSVSPLPAMDHLILADLAGLDSLTSPVYVMAAYFDSTHENPVRPSSKLYHCALQMTSHDGVWTSTSSEQCPIRLVEGQSQNVLQVRVAPTSMPNLVGVSLMLEGQQYRLEYFGDH,DKRTCVSLTTQRLPVSRIKTYTITEGSLRAVIFITKRGLKVCADPQATWVRDVVRSMDRKS,9.301029996,58,2NYZ,,,,Affinity Benchmark v5.5
VQLQQSGAEVKKPGSSVKVSCKASGGTFSSYTISWVRQAPGQGLEWMGGITPILGIANYAQKFQGRVTITTDESTSTAYMELSSLRSEDTAVYYCARDTVMGGMDVWGQGTTVTVSSASTKGPSVFPLAPSSKSTSGGTSALGCLVKDYFPEPVTVSWNSGALTSGVHTFPAVLQSSGLYSLSSVVTVPSSSLGTQTYICNVNHKPSNTKVDKKVEPKSCSYELTQPPSVSVAPGKTARITCGGNNIGSKSVHWYQQKPGQAPVLVVYDDSDRPSGIPERFSGSNSGNTATLTISRVEAGDEADYYCQVWDSSSDYVFGTGTKVTVLGQPKANPTVTLFPPSSEEFQANKATLVCLISDFYPGAVTVAWKADGSPVKAGVETTKPSKQSNNKYAASSYLSLTPEQWKSHRSYSCQVTHEGSTVEKTVAPTEC,NLCPFGEVFNATKFPSVYAWERKKISNCVADYSVLYNSTFFSTFKCYGVSATKLNDLCFSNVYADSFVVKGDDVRQIAPGQTGVIADYNYKLPDDFMGCVLAWNTRNIDATSTGNYNYKYRYLRHGKLRPFERDISNVPFSPDGKPCTPPALNCYWPLNDYGFYTTTGIGYQPYRVVVLSFELLNAPATVCG,7.698970004,59,2DD8,,,,Affinity Benchmark v5.5
RTVKLLLLGAGESGKSTIVKQMKIIHQDGYSLEECLEFIAIIYGNTLQSILAIVRAMTTLNIQYGDSARQDDARKLMHMADTIEEGTMPKEMSDIIQRLWKDSGIQACFDRASEYQLNDSAGYYLSDLERLVTPGYVPTEQDVLRSRVKTTGIIETQFSFKDLNFRMFDVGGQRSERKKWIHCFEGVTAIIFCVALSDYDLVLAEDEEMNRMHESMKLFDSICNNKWFTDTSIILFLNKKDLFEEKIKKSPLTICYPEYAGSNTYEEAGNYIKVQFLELNMRRDVKEIYSHMTCATDTQNVKFVFDAVTDIIIKENL,DIPTKMRVERWAFNFSELIRDPKGRQSFQHFLRKEFSGENLGFWEACEDLKYGDQSKVKEKAEEIYKLFLAPGARRWINIDGKTMDITVKGLKHPHRYVLDAAQTHIYMLMKKDSYARYLKSPIYKEMLAKAI,7.173925197,60,1FQJ,,,,Affinity Benchmark v5.5
FKGLDSKTFLSEHSMDMKFTYCDDRITELIGYHPEELLGRSAYEFYHALDSENMTKSHQNLCTKGQVVSGQYRMLAKHGGYVWLETQGTVIYNPRNLQPQCIMCVNYVLSEIEK,VCQPTRFISRHNIEGIFTFVDHRCVATVGYQPQELLGKNIVEFCHPEDQQLLRDSFQQVVKLKGQVLSVMFRFRSKNQEWLWMRTSSFTFQNPYSDEIEYIICTNTNVKNS,5.853871964,61,3F1P,,,,Affinity Benchmark v5.5
TIDTDYDVIVLGTGITECILSGLLSVDGKKVLHIDKQDHYGGEAASVTLSQLYEKFKQNPISKEERESKFGKDRDWNVDLIPKFLMANGELTNILIHTDVTRYVDFKQVSGSYVFKQGKIYKVPANEIEAISSPLMGIFEKRRMKKFLEWISSYKEDDLSTHQGLDLDKNTMDEVYYKFGLGNSTKEFIGHAMALWTNDDYLQQPARPSFERILLYCQSVARYGKSPYLYPMYGLGELPQGFARLSAIYGGTYMLDTPIDEVLYKKDTGKFEGVKTKLGTFKAPLVIADPTYFPEKCKSTGQRVIRAICILNHPVPNTSNADSLQIIIPQSQLGRKSDIYVAIVSDAHNVCSKGHYLAIISTIIETDKPHIELEPAFKLLGPIEEKFMGIAELFEPREDGSKDNIYLSRSYDASSHFESMTDDVKDIYFRVTGHPLVLKQR,IMKILLIGDSGVGKSCLLVRFVEDKFNPSFITTIGIDFKIKTVDINGKKVKLQLWDTAGQERFRTITTAYYRGAMGIILVYDVTDERTFTNIKQWFKTVNEHANDEAQLLLVGNKSDMETRVVTADQGEALAKELGIPFIESSAKNDDNVNEIFFTLAKLIQEKIDSNKLVGVGN,6.48148606,62,3CPH,,,,Affinity Benchmark v5.5
DIQMTQSPSSLSASVGDRVTITCKASQDVSIGVAWYQQKPGKAPKLLIYSASYRYTGVPSRFSGSGSGTDFTLTISSLQPEDFATYYCQQYYIYPYTFGQGTKVEIKRTVAAPSVFIFPPSDEQLKSGTASVVCLLNNFYPREAKVQWKVDNALQSGNSQESVTEQDSKDSTYSLSSTLTLSKADYEKHKVYACEVTHQGLSSPVTKSFNRGECEVQLVESGGGLVQPGGSLRLSCAASGFTFTDYTMDWVRQAPGKGLEWVADVNPNSGGSIYNQRFKGRFTLSVDRSKNTLYLQMNSLRAEDTAVYYCARNLGPSFYFDYWGQGTLVTVSSASTKGPSVFPLAPSSKSTSGGTAALGCLVKDYFPEPVTVSWNSGALTSGVHTFPAVLQSSGLYSLSSVVTVPSSSLGTQTYICNVNHKPSNTKVDKKVEPKSC,TQVCTGTDMKLRLPASPETHLDMLRHLYQGCQVVQGNLELTYLPTNASLSFLQDIQEVQGYVLIAHNQVRQVPLQRLRIVRGTQLFEDNYALAVLDNGDPLSPGGLRELQLRSLTEILKGGVLIQRNPQLCYQDTILWKDIFHKNNQLALTLIDTNRSRACHPCSPMCKGSRCWGESSEDCQSLTRTVCAGGCARCKGPLPTDCCHEQCAAGCTGPKHSDCLACLHFNHSGICELHCPALVTYNTDTFESMPNPEGRYTFGASCVTACPYNYLSTDVGSCTLVCPLHNQEVTAEDGTQRCEKCSKPCARVCYGLGMEHLREVRAVTSANIQEFAGCKKIFGSLAFLPESFDGDPASNTAPLQPEQLQVFETLEEITGYLYISAWPDSLPDLSVFQNLQVIRGRILHNGAYSLTLQGLGISWLGLRSLRELGSGLALIHHNTHLCFVHTVPWDQLFRNPHQALLHTANRPEDECVGEGLACHQLCARGHCWGPGPTQCVNCSQFLRGQECVEECRVLQGLPREYVNARHCLPCHPECQPQNGSVTCFGPEADQCVA,6.301029996,63,1S78,,,,Affinity Benchmark v5.5
CPAPELLGGPSVFLFPPKPKDTLMISRTPEVTCVVVDVSHEDPQVKFNWYVDGVQVHNAKTKPREQQYNSTYRVVSVLTVLHQNWLDGKEYKCKVSNKALPAPIEKTISKAKGQPREPQVYTLPPSREEMTKNQVSLTCLVKGFYPSDIAVEWESNGQPENNYKTTPPVLDSDGSFFLYSKLTVDKSRWQQGNVFSCSVMHEALHNHYTQKSLSLSCPAPELLGGPSVFLFPPKPKDTLMISRTPEVTCVVVDVSHEDPQVKFNWYVDGVQVHNAKTKPREQQYNSTYRVVSVLTVLHQNWLDGKEYKCKVSNKALPAPIEKTISKAKGQPREPQVYTLPPSREEMTKNQVSLTCLVKGFYPSDIAVEWESNGQPENNYKTTPPVLDSDGSFFLYSKLTVDKSRWQQGNVFSCSVMHEALHNHYTQKSLSLS,DLPKAVVFLEPQWYSVLEKDSVTLKCQGAYSPEDNSTQWFHNESLISSQASSYFIDAATVNDSGEYRCQTNLSTLSDPVQLEVHIGWLLLQAPRWVFKEEDPIHLRCHSWKNTALHKVTYLQNGKDRKYFHHNSDFHIPKATLKDSGSYFCRGLVGSKNVSSETVNITITQG,5.769551079,64,1E4K,,,,Affinity Benchmark v5.5
QVQLVESGGGLVQAGGSLRLSCAASGRTFSSYVMGWFRQAPGKEREFVTAISWSGGSIHYADSVKGRFTISRDNAKNTVYLQMNSLKPEDTAVYTCVAGFAGYGSFTSRSARDSDKYDYWGQGTKVTVS,SVAPTMMNVLYAGIDNPINIAVPGVAQQNVSATINNGTLTRRGNLWIARPTKVGSEAIISVTAQSGGRTIQMAKTTLRVRALPDPLPYIEYKDVQGNTKRFKGGRLGKREILAAGGIKAALDDDLLEVNYTVVKFQLVFYDSMGNSIPEVSDGASFSERQKRQIQNLGKGKRFYVTEVIARGPDGIERKIPAIEVIVNEPMASVAPTMMNVLYAGIDNPINIAVPGVAQQNVSATINNGTLTRRGNLWIARPTKVGSEAIISVTAQSGGRTIQMAKTTLRVRALPDPLPYIEYKDVQGNTKRFKGGRLGKREILAAGGIKAALDDDLLEVNYTVVKFQLVFYDSMGNSIPEVSDGASFSERQKRQIQNLGKGKRFYVTEVIARGPDGIERKIPAIEVIVN,8.096910013,65,6EY6,,,,Affinity Benchmark v5.5
TYVQALFDFDPQEDGELGFRRGDFIHVMDNSDPNWWKGACHGQTGMFPRNYVTPVNR,GSHMPKMEVFQEYYGIPPPPGAFGPFLRLNPGDIVELTKAEAEHNWWEGRNTATNEVGWFPCNRVHPYV,4.769551079,66,1GCQ,,,,Affinity Benchmark v5.5
QVQFKLVLVGDGGTGKTTFVKRHLTGEFEKKYVATLGVEVHPLVFHTNRGPIKFNVWDTAGQEKFGGLRDGYYIQAQCAIIMFDVTSRVTYKNVPNWHRDLVRVCENIPIVLCGNKVDIKDRKVKAKSIVFHRKKNLQYYDISAKSNYNFEKPFLWLARKLIGDPNLEFVAMPALAPPEVVMDPALAAQYEHDLEV,KPIWEQIGSSFIQHYYQLFDNDRTQLGAIYIDASCLTWEGQQFQGKAAIVEKLSSLPFQKIQHSITAQDHQPTPDSCIISMVVGQLKADEDPIMGFHQMFLLKNINDAWVCTNDMFRLALHNFGKPIWEQIGSSFIQHYYQLFDNDRTQLGAIYIDASCLTWEGQQFQGKAAIVEKLSSLPFQKIQHSITAQDHQPTPDSCIISMVVGQLKADEDPIMGFHQMFLLKNINDAWVCTNDMFRLALHNFG,6.823908741,67,1A2K,,,,Affinity Benchmark v5.5
QVQLVESGGGVVQPGRSLRLSCAASGFTFSVYGMNWVRQAPAKGLEWVAIIWYDGDNQYYADSVKGRFTISRDNSKNTLYLQMNGLRAEDTAVYYCARDLRTGPFDYWGQGTLVTVSSASTKGPSVFPLAPSSKSTSGGTAALGCLVKDYFPEPVTVSWNSGALTSGVHTFPAVLQSSGLYSLSSVVTVPSSSLGTQTYICNVNHKPSNTKVDKRVAPEIVLTQSPDFQSVTPKEKVTITCRASQSIGSSLHWYQQKPDQSPKLLIKYASQSFSGVPSRFSGSGSGTDFTLTINSLEAEDAAAYYCHQSSSLPFTFGPGTKVDIKRTVAAPSVFIFPPSDEQLKSGTASVVCLLNNFYPREAKVQWKVDNALQSGNSQESVTEQDSKDSTYSLSSTLTLSKADYEKHKVYACEVTHQGLSSPVTKSFNRG,RSLNCTLRDSQQKSLVMSGPYELKALHLQGQDMEQQVVFSMSFVQGEESNDKIPVALGLKEKNLYLSCVLKDDKPTLQLESVDPKNYPKKKMEKRFVFNKIEINNKLEFESAQFPNWYISTSQAENMPVFLGGTKGGQDITDFTMQFVS,8.387216143,68,4G6J,,,,Affinity Benchmark v5.5
QVQLVESGGGLVQAGSLRLSCAASGYPHPYLHMGWFRQAPGKEREGVAAMDSGGGGTLYADSVKGRFTISRDKGKNTVYLQMDSLKPEDTATYYCAAGGYQLRDRTYGHWGQGTQVTVSS,KETAAAKFERQHMDSSTSSNYCNQMMKSRNLTKDRCKPVNTFVHESLADVQAVCSQKNVACKNGQTNCYQSYSTMSITDCRETGSSKYPNCAYKTTQANKHIIVACEGNPYVPVHFDASV,6.804100348,69,4POU,,,,Affinity Benchmark v5.5
LKHSISDYTEAEFLQLVTTICNADTSSEEELVKLVTHFEEMTEHPSGSDLIYYPKEGDDDSPSGIVNTVKQWRAANGKSGFKQ,MESKRNKPGKATGKGKPVGDKWLDDAGKDSGAPIPDRIADKLRDKEFKSFDDFRKAVWEEVSKDPELSKNLNPSNKSSVSKGYSPFTPKNQQVGGRKVYELHHDKPISQGGEVYDMDNIRVTTPKRHIDIH,13.61978876,70,1EMV,,,,Affinity Benchmark v5.5
QVQLVESGGGLVQAGGSLRLSCAASGFTFEDYAIGWFRQAPGKEREGVSCISNLDGSTYYPDSVKGRFTASSDKAKNMVYLQMNSLKPEDTAVYYCAAVNAQGIYCTDYIIGPYGMDYWGKGTQVTVSS,LTPAAESLNARWRTAVVDGWNNAFSGRYPFKNVSSDASLPLLAKYLNTDTGRIARFLQNNLSGVLHREGSRWVPDTINTRGLTFNPAFLKAINTLSEIADVAFTTGNAGLHFELRPGTAAGVMQTTLITDNQKLIYVNQMPVWKRFTWPADTEAPGASLSWVSTQAGTRQYADLPGSWGLIRLLEMARRKAAPGVASGWSLSWQAQDGRMLNYTLRTEAGEGPLVLLKLRNFVLPETVFEL,8.793174124,71,4Y7M,,,,Affinity Benchmark v5.5
GRSDAYTQVDNFLHAYARGGDELVNGHPSYTVDQAAEQILREQASWQKAPGDSVLTLSYSFLTKPNDFFNTPWKYVSDIYSLGKFSAFSAQQQAQAKLSLQSWSDVTNIHFVDAGQGDQGDLTFGNFSSSVGGAAFAFLPDVPDALKGQSWYLINSSYSANVNPANGNYGRQTLTHEIGHTLGLSHPGDYNAGEGDPTYADATYAEDTRAYSVMSYWEEQNTGQDFKGAYSSAPLLDDIAAIQKLYGANLTTRTGDTVYGFNSNTERDFYSATSSSSKLVFSVWDAGGNDTLDFSGFSQNQKINLNEKALSDVGGLKGNVSIAAGVTVENAIGGSGSDLLIGNDVANVLKGGAGNDILYGGLGADQLWGGAGADTFVYGDIAESSAAAPDTLRDFVSGQDKIDLSGLDAFVNGGLVLQYVDAFAGKAGQAILSYDAASKAGSLAIDFSGDAHADFAINLIGQATQADIVV,SSLILLSASDLAGQWTLQQDEAPAICHLELRDSEVAEASGYDLGGDTACLTRWLPSEPRAWRPTPAGIALLERGGLTLMLLGRQGEGDYRVQKGDGGQLVLRRAT,11.39794001,72,1JIW,,,,Affinity Benchmark v5.5
SQGLLGYYFSDLNFQAPMVVTSSTTGDLSIPSSELENIPSENQYFQSAIWSGFIKVKKSDEYTFATSADNHVTMWVDDQEVINKASNSNKIRLEKGRLYQIKIQYQRENPTEKGLDFKLYWTDSQNKKEVISSDNLQLPELKQVPDRDNDGIPDSLEVEGYTVDVKNKRTFLSPWISNIHEKKGLTKYKSSPEKWSTASDPYSDFEKVTGRIDKNVSPEARHPLVAAYPIVHVDMENIILSKNETISKNTSTSRTHTSEVVSAGFSNSNSSTVAIDHSLSLAGERTWAETMGLNTADTARLNANIRYVNTGTAPIYNVLPTTSLVLGKNQTLATIKAKENQLSQILAPNNYYPSKNLAPIALNAQDDFSSTPITMNYNQFLELEKTKQLRLDTDQVYGNIATYNFENGRVRVDTGSNWSEVLPQIQETTARIIFNGKDLNLVERRIAAVNPSDPLETTKPDMTLKEALKIAFGFNEPNGNLQYQGKDITEFDFNFDQQTSQNIKNQLAELNATNIYTVLDKIKLNAKMNILIRDKRFHYDRNNIAVGADESVVKEAHREVINSSTEGLLLNIDKDIRKILSGYIVEIEDTEGLKEVINDRYDMLNISSLRQDGKTFIDFKKYNDKLPLYISNPNYKVNVYAVTKENTIINPSENGDTSTNGIKKILIFSKKGYEIG,RAFDLYFVLDKSGSVANNWIEIYNFVQQLAERFVSPEMRLSFIVFSSQATIILPLTGDRGKISKGLEDLKRVSPVGETYIHEGLKLANEQIQKAGGLKTSSIIIALTDGKLDGLVPSYAEKEAKISRSLGASVYCVGVLDFEQAQLERIADSKEQVFPVKGGFQALKGII,9.769551079,73,1T6B,,,,Affinity Benchmark v5.5
IVGGYTCGANTVPYQVSLNSGYHFCGGSLINSQWVVSAAHCYKSGIQVRLGEDNINVVEGNEQFISASKSIVHPSYNSNTLNNDIMLIKLKSAASLNSRVASISLPTSCASAGTQCLISGWGNTKSSGTSYPDVLKCLKAPILSDSSCKSAYPGQITSNMFCAGYLEGGKDSCQGDSGGPVVCSGKLQGIVSWGSGCAQKNKPGVYTKVCNYVSWIKQTIASN,RPDFCLEPPYTGPCKARIIRYFYNAKAGLCQTFVYGGCRAKRNNFKSAEDCMRTCGGA,13.22184875,74,2PTC,,,,Affinity Benchmark v5.5
ISGGDAIYSSTGRCSLGFNVRSGSTYYFLTAGHCTDGATTWWANSARTTVLGTTSGSSFPNNDYGIVRYTNTTIPKDGTVGGQDITSAANATVGMAVTRRGSTTGTHSGSVTALNATVNYGGGDVVYGMIRTNVCAEPGDSGGPLYSGTRAIGLTSGGSGNCSSGGTTFFQPVTEALVAYGVSVY,DCSEYPKPACTLEYRPLCGSDNKTYGNKCNFCNAVVESNGTLTLSHFGKC,10.74472749,75,3SGB,,,,Affinity Benchmark v5.5
VVGGTEAQRNSWPSQISLQYRSGSSWAHTCGGTLIRQNWVMTAAHCVDRELTFRVVVGEHNLNQNNGTEQYVGVQKIVVHPYWNTDDVAAGYDIALLRLAQSVTLNSYVQLGVLPRAGTILANNSPCYITGWGLTRTNGQLAQTLQQAYLPTVDYAICSSSSYWGSTVKNSMVCAGGDGVRSGCQGDSGGPLHCLVNGQYAVHGVTSFVSRLGCNVTRKPTVFTRVSAYISWINNVIASN,TKPGSCPIILIRCAMLNPPNRCLKDTDCPGIKKCCEGSCGMACFVPQ,9,76,1FLE,,,,Affinity Benchmark v5.5
QVQLKESGPGLLQPSQTLSLTCTVSGISLSDYGVHWVRQAPGKGLEWMGIIGHAGGTDYNSNLKSRVSISRDTSKSQVFLKLNSLQQEDTAMYFCARHFYTYFDVWGQGIQVTVSSATTTAPSVYPLAPANTVTLGCLVKGYFPEPVTVSWNSGALTSGVHTFPSVLHSGLYSLSSSVTVPSSTWPSQTVTCNVAHPASSTKVDKKIVPGYTLTQPPLVSVALGQKATITCSGDKLSDVYVHWYQQKAGQAPVLVIYEDNRRPSGIPDHFSGSNSGNMATLTISKAQAGDEADYYCQSWDGTNSAWVFGSGTKVTVLGQPNAAPSVTLFPPSSEELKTNQATLVCMINGFYPADVAVTWEADGTPITQGVKTTQPSKSDSKYMATSYLTMTADAWKSRNTFICKVTHGGNTVEKSLSPS,VSSPQLRVHVGESVLMGCVVQRTEEKHVDRVDWLFSKDKDDASEYVLFYYSNLSVPTGRFQNRSHLVGDTFHNDGSLLLQDVQKADEGIYTCEIRLKNESMVMKKPVELWVLPEEPRDLRVRVGDTTQMRCSIQSTEEKRVTKVNWMFSSGSHTEEETVLSYDSNMRSGKFQSLGRFRNRVDLTGDISRNDGSIKLQTVKESDQGIYTCSIYVGKLESRKTIVLHVVQD,8.096910013,77,3MJ9,,,,Affinity Benchmark v5.5
TPQVPLRPMTYKAAVDLSHFLKEKGGLEGLIHSQRRQDILDLWIYHTQGYFPDWQNYTPGPGVRYPLTFGWCYKLVPVEVLEWRFDSRLAFHHVARELHPEYF,TLFVALYDYEARTEDDLSFHKGEKFQILNSSEGDWWEARSLTTGETGYIPSNYVAPV,4.795880017,78,1AVZ,,,,Affinity Benchmark v5.5
DKNELVQKAKLAEQAERYDDMAACMKSVTEQGAELSNEERNLLSVAYKNVVGARRSSWRVVSSIEQKTEGAEKKQQMAREYREKIETELRDICNDVLSLLEKFLIPNASQAESKVFYLKMKGDYYRYLAEVAAGDDKKGIVDQSQQAYQEAFEISKKEMQPTHPIRLGLALNFSVFYYEILNSPEKACSLAKTAFDEAIAELDTLSEESYKDSTLIMQLLRDNLTLWDKNELVQKAKLAEQAERYDDMAACMKSVTEQGAELSNEERNLLSVAYKNVVGARRSSWRVVSSIEQKTEGAEKKQQMAREYREKIETELRDICNDVLSLLEKFLIPNASQAESKVFYLKMKGDYYRYLAEVAAGDDKKGIVDQSQQAYQEAFEISKKEMQPTHPIRLGLALNFSVFYYEILNSPEKACSLAKTAFDEAIAELDTLSEESYKDSTLIMQLLRDNLTLW,SGIPGSPGRQRRHLPANEFRCLTPEDAAGVFEIEREAFISVSGNCPLNLDEVQHFLTLCPELSLGWFVEGRLVAFIIGSLWDEERLTQESLALHRPRGHSAHLHALAVHRSFRQQGKGSVLLWRYLHHVGAQPAVRRAVLMCEDALVPFYQRFGFHPAGPCAIVVGSLTFTEMHCSLR,7.698970004,79,1IB1,,,,Affinity Benchmark v5.5
VVPFQEVWGRSYCRALERLVDVVSEYPSEVEHMFSPSCVSLLRCTGCCGDENLHCVPVETANVTMQLLKIRSGDRPSYVELTFSQHVRCECRPLEVVPFQEVWGRSYCRALERLVDVVSEYPSEVEHMFSPSCVSLLRCTGCCGDENLHCVPVETANVTMQLLKIRSGDRPSYVELTFSQHVRCECRPL,RPFVEMYSEIPEIIHMTEGRELVIPCRVTSPNITVTLKKFPLDTLIPDGKRIIWDSRKGFIISNATYKEIGLLTCEATVNGHLYKTNYLTHR,9.769551079,80,1RV6,,,,Affinity Benchmark v5.5
EGQRWLPLEANPEVTNQFLKQLGLHPNWQFVDVYGMDPELLSMVPRPVCAVLLLFPITEKYEVFRTEEEEKIKSQGQDVTSSVYFMKQTISNACGTIGLIHAIANNKDKMHFESGSTLKKFLEESVSMSPEERARYLENYDAIRVTHETSAHEGQTEAPSIDEKVDLHFIALVHVDGHLYELDGRKPFPINHGETSDETLLEDAIEVCKKFMERDPDELRFNAIALSAA,MQIFVKTLTGKTITLEVEPSDTIENVKAKIQDKEGIPPDQQRLIFAGKQLEDGRTLSDYNIQKESTLHLVLRLRG,6.522878745,81,1XD3,,,,Affinity Benchmark v5.5
CTFKISLRNFRSILSWELKNHSIVPTHYTLLYTIMSKPEDLKVVKNCANTTRSFCDLTDEWRSTHEAYVTVLEGFSTTLFSCSHNFWLAIDMSFEPPEFEIVGFTNHINVMVKFPSELQFDLSLVIEEQSEGIVKKHKPEMSGNFTYIIDKLIPNTNYCVSVYLEHQAVIKSPLKCTLLP,SLGSRRTLMLLAQMRRISLFSCLKDRHDFGFPQEEFETIPVLAAMIAQIFNLFSTKDSSAAWDETLLDKFYTELYQQLNDLEACDSILAVRKYFQRITLYLKEKKYSPCAWEVVRAEIMRSFSLSTN,8.522878745,82,3S9D,,,,Affinity Benchmark v5.5
QVQLVESGGGLVQPGGSLRLSCAASGFTFNSYWINWVRQAPGKGLEWVSGIAYDSSNTLYADSVKGRFTISRDNSKNTLYLQMNSLRAEDTAVYYCARGLGAFHWDMQPDYWGQGTLVTVSSASTKGPSVFPLAPSSKSTSGGTAALGCLVKDYFPEPVTVSWNSGALTSGVHTFPAVLQSSGLYSLSSVVTVPSSSLGTQTYICNVNHKPSNTKVDKKVEPKSYELTQPPSVSVAPGQTARISCSGDNIGGTFVSWYQQKPGQAPVLVIYDDNDRPSGIPERFSGSNSGNTATLTISGTQAEDEADYYCGTWDMVTNNVFGGGTKLTVLGQPKAAPSVTLFPPSSEELQANKATLVCLISDFYPGAVTVAWKADSSPVKAGVETTTPSKQSNNKYAASSYLSLTPEQWKSHRSYSCQVTHEGSTVEKTVAPT,VPPSTALRELIEELVNITQNQKAPLCNGSMVWSINLTAGMYCAALESLINVSGCSAIEKTQRMLSGFCPHKVSAGQFSSLHVRDTKIEVAQFVKDLLLHLKKLFRE,10.73518218,83,3G6D,,,,Affinity Benchmark v5.5
RGEVEQMKSCLRVLSQPMPPTAGEAEQAADQQEREGALELLADLCENMDNAADFCQLSGMHLLVGRYLEAGAAGLRWRAAQLIGTCSQNVAAIQEQVLGLGALRKLLRLLDRDACDTVRVKALFAISCLVREQEAGLLQFLRLDGFSVLMRAMQQQVQKLKVKSAFLLQNLLVGHPEHKGTLCSMGMVQQLVALVRTEHSPFHEHVLGALCSLVTDFPQGVRECREPELGLEELLRHRCQLLQQHEEYQEELEFCEKLLQTCFS,ERNVLIFDLGGGTFDVSILTIDDGIFEVKATAGDTHLGGEDFDNRLVNHFVEEFKRKHKKDISQNKRAVRRLRTACERAKRTLSSSTQASLEIDSLFEGIDFYTSITRARFEELCSDLFRSTLEPVEKALRDAKLDKAQIHDLVLVGGSTRIPKVQKLLQDFFNG,5.187086643,84,1XQS,,,,Affinity Benchmark v5.5
VELVQSGAEVKKPGSSVKVSCKASGGTFSSYGISWVRQAPGQGLEWMGGIIPIFGTANYAQKFQGRVTITADESTSTAYMELSSLRSEDTAVYYCARYDGIYGELDFWGQGTLVTVSSASTKGPSVFPLAPSSGTAALGCLVKDYFPEPVTVSWNSGALTSGVHTFPAVLQSSGLYSLSSVVTVPSSSLGTQTYICNVNHKPSNTKVDKKVEPKEIVLTQSPATLSLSPGERATLSCRASQSVSDAYLAWYQQKPGQAPRLLIYDASSRATGVPARFSGSGSGTDFTLTISSLEPEDFAVYYCHQYIQLHSFTFGQGTKVEIKRTVAAPSVFIFPPSDEQLKSGTASVVCLLNNFYPREAKVQWKVDNALQSGNSQESVTEQDSKDSTYSLSSTLTLSKADYEKHKVYACEVTHQGLSSPVTKSFNR,VTCCYNFTNRKISVQRLASYRRITSSKCPKEAVIFKTIVAKEICADPKQKWVQDSMDHLDK,10.4202164,85,4DN4,,,,Affinity Benchmark v5.5
QVQLVESGGGLVQPGGSLRLSCAASGFTFSSYWMNWVRQAPGKGLEWVSGIENKYAGGATYYAASVKGRFTISRDNSKNTLYLQMNSLRAEDTAVYYCARGFGTDFWGQGTLVTVSSASTKGPSVFPLAPSSGGTAALGCLVKDYFPEPVTVSWNSGALTSGVHTFPAVLQSSGLYSLSSVVTVPSSSLGTQTYICNVNHKPSNTKVDKKVEPKDIELTQPPSVSVAPGQTARISCSGDSIGKKYAYWYQQKPGQAPVLVIYKKRPSGIPERFSGSNSGNTATLTISGTQAEDEADYYCSAWGDKGMVFGGGTKLTVLGQPKAAPSVTLFPPSSEELQANKATLVCLISDFYPGAVTVAWKADSSPVKAGVETTTPSKQSNNKYAASSYLSLTPEQWKSHRSYSCQVTHEGSTVEKTVAP,STQPWEHVNAIQEARRLLNLSRTAAEMNETVEVISEMFDLQEPTCLQTRLELYKQGLRGSLTKLKGPLTMMASHYKQHCPPTPETSCATQIITFESFKENLKDFLLVIPFDCWEP,11.15490196,86,5C7X,,,,Affinity Benchmark v5.5
EHVIIQAEFYLNPDQSGEFMFDFDGDEIFHVDMAKKETVWRLEEFGRFASFEAQGALANIAVDKANLEIMTKRSNYTPITNVPPEVTVLTNSPVELREPNVLICFIDKFTPPVVNVTWLRNGKPVTTGVSETVFLPREDHLFRKFHYLPFLPSTEDVYDCRVEHWGLDEPLLKHWEFDAGDTRPRFLWQLKFECHFFNGTERVRLLERCIYNQEESVRFDSDVGEYRAVTELGRPDAEYWNSQKDLLEQRRAAVDTYCRHNYGVGESFTVQRRVEPKVTVYPSKTQPLQHHNLLVCSVSGFYPGSIEVRWFRNGQEEKAGVVSTGLIQNGDWTFQTLVMLETVPRSGEVYTCQVEHPSVTSPLTVEWRA,ESQPDPMPDDLHKSSEFTGTMGNMKYLYDDHYVSATKVKSVDSFFKWDLIYNISDKKLKNYDKVKTELLNEDLAKKYKDEVVDVYGSNYYVNCYFSGGKTCMYGGITKHEGNHFDNGNLQNVLVRVYENKRNTISFEVQTDKKSVTAQELDIKARNFLINKKNLYEFNSSPYETGYIKFIENNGNTFWYDMMPAPGDKFDQSKYLMMYNDNKTVDSKSVKIEVHLTTKNG,5.337242168,87,1KLU,,,,Affinity Benchmark v5.5
TNALETWGALGQDINLDIPSFQMSDDIDDIKWEKTSDKKKIAQFRKEKETFKEKDTYELLKNGALKIKHLKTDDQDIYKVSIYDTKGKNVLEKIFDLKIQER,SSQQIYGVKYGNVTFHVPSNQPLKEVLWKKQKDKVAELENSEFRAFSSFKNRVYLDTKSGSLTIYNLTSSDEDEYEMESPNITDSMKFFLYVGES,5.045757491,88,1QA9,,,,Affinity Benchmark v5.5
SYVAHLASDFGVRVFQQVAQASKDRNVVFSPYGVASVLAMLQLTTGGETQQQIQAAMGFKIDDKGMAPALRHLYKELMGPWNKDEISTTDAIFVQRDLKLVQGFMPHFFRLFRSTVKQVDFSEVERARFIINDWVKTHTKGMISHLLGTGAVDQLTRLVLVNALYFNGQWKTPFPDSSTHRRLFHKSDGSTVSVPMMAQTNKFNYTEFTTPDGHYYDILELPYHGDTLSMFIAAPYEKEVPLSALTNILSAQLISHWKGNMTRLPRLLVLPKFSLETEVDLRKPLENLGMTDMFRQFQADFTSLSDQEPLHVALALQKVKIEVNESGTVASSAPEEIIIDRPFLFVVRHNPTGTVLFMGQVMEP,ESCKGRCTEGFNVDKKCQCDELCSYYQSCCTDYTAEC,9,89,1OC0,,,,Affinity Benchmark v5.5
TGHSYEKYNNWETIEAWTQQVATENPALISRSVIGTTFEGRAIYLLKVGKAGQNKPAIFMDCGFHAREWISPAFCQWFVREAVRTYGREIQVTELLNKLDFYVLPVLNIDGYIYTWTKSRFWRKTRSTHTGSSCIGTDPNRNFDAGWCEIGASRNPCDETYCGPAAESEKETKALADFIRNKLSSIKAYLTIHSYSQMMIYPYSYAYKLGENNAELNALAKATVKELASLHGTKYTYGPGATTIYPAAGGSDDWAYDQGIRYSFTFELRDTGRYGFLLPESQIRATCEETFLAIKYVASYVLEHLY,NECVSKGFGCLPQSDCPQEARLSYGGCSTVCCDLSKLTGCKGKGGECNPLDRQCKELQAESASCGKGQKCCVWL,8.886056648,90,1ZLI,,,,Affinity Benchmark v5.5
GHHHHHHEFDQVQYENTLKNFKIREQQFDNSWAAGFSMAALLNATKNTDTYNAHDIMRTLYPEVSEQDLPNCATFPNQMIEYGKSQGRDIHYQEGVPSYNQVDQLTKDNVGIMILAQSVSQNPNDPHLGHALAVVGNAKINDQEKLIYWNPWDTELSIQDADSSLLHLSFNRDYNWYGSMIGY,GSMYQLQFINLVYDTTKLTHLEQTNINLFIGNWSNHQLQKSICIRHGDDTSHNQYHILFIDTAHQRIKFSSFDNEEIIYILDYDDTQHILMQTSSKQGIGTSRPIVYERLV,9.508638306,91,1PXV,,,,Affinity Benchmark v5.5
EQTPQICVVGSGPAGFYTAQHLLKHHSRAHVDIYEKQLVPFGLVRFGVAPDHPEVKNVINTFTQTARSDRCAFYGNVEVGRDVTVQELQDAYHAVVLSYGAEDHQALDIPGEELPGVFSARAFVGWYNGLPENRELAPDLSCDTAVILGQGNVALDVARILLTPPDHLEKTDITEAALGALRQSRVKTVWIVGRRGPLQVAFTIKELREMIQLPGTRPMLDPADFLGLQDRIKEAARPRKRLMELLLRTATEKPGVEEAARRASASRAWGLRFFRSPQQVLPSPDGRRAAGIRLAVTRLEGIGEATRAVPTGDVEDLPCGLVLSSIGYKSRPIDPSVPFDPKLGVVPNMEGRVVDVPGLYCSGWVKRGPTGVITTTMTDSFLTGQILLQDLKAGHLPSGPRPGSAFIKALLDSRGVWPVSFSDWEKLDAEEVSRGQASGKPREKLLDPQEMLRLLGH,DKITVHFINRDGETLTTKGKIGDSLLDVVVQNNLDIDGFGACEGTLACSTCHLIFEQHIFEKLEAITDEENDMLDLAYGLTDRSRLGCQICLTKAMDNMTVRVPDAVSDARES,6.065501549,92,1E6E,,,,Affinity Benchmark v5.5
TQAKAKHADVPVNLYRPNAPFIGKVISNEPLVKEGGIGIVQHIKFDLTGGNLKYIEGQSIGIIPPGVDKNGKPEKLRLYSIASTRHGDDVDDKTISLCVRQLEYKHPESGETVYGVCSTYLTHIEPGSEVKITGPVGKEMLLPDDPEANVIMLATGTGIAPMRTYLWRMFKDAERAANPEYQFKGFSWLVFGVPTTPNILYKEELEEIQQKYPDNFRLTYAISREQKNPQGGRMYIQDRVAEHADELWQLIKNQKTHTYICGLRGMEEGIDAALSAAAAKEGVTWSDYQKDLKKAGRWHVETY,ATFKVTLINEAEGTKHEIEVPDDEYILDAAEEQGYDLPFSCRAGACSTCAGKLVSGTVDQSDQSFLDDDQIEAGYVLTCVAYPTSDVVIQTHKEEDLY,5.443697499,93,1EWY,,,,Affinity Benchmark v5.5
YPPSMDWRKKGNFVSPVKNQGSCGSCWTFSTTGALESAVAIATGKMLSLAEQQLVDCAQNFNNHGCQGGLPSQAFEYIRYNKGIMGEDTYPYKGQDDHCKFQPDKAIAFVKDVANITMNDEEAMVEAVALYNPVSFAFEVTNDFLMYRKGIYSSTSCHKTPDKVNHAVLAVGYGEENGIPYWIVKNSWGPQWGMNGYFLIERGKNMCGLAACASYPIPLVEPQNCSAT,MIPGGLSEAKPATPEIQEIVDKVKPQLEEKTNETYGKLEAVQYKTQVVAGTNYYIKVRAGDNKYMHLKVFKSLPGQNEDLVLTGYQVDKNKDDELTGF,10.16115091,94,1NB5,,,,Affinity Benchmark v5.5
GVQVETISPGDGRTFPKRGQTCVVHYTGMLEDGKKFDSSRDRNKPFKFMLGKQEVIRGWEEGVAQMSVGQRAKLTISPDYAYGATGHPGIIPPHATLVFDVELLKLE,TTLKDLIYDMTTSGSGSGLPLLVQRTIARTIVLQESIGKGRFGEVWRGKWRGEEVAVKIFSSREERSWFREAEIYQTVMLRHENILGFIAADNKDNGTWTQLWLVSDYHEHGSLFDYLNRYTVTVEGMIKLALSTASGLAHLHMEIVGTQGKPAIAHRDLKSKNILVKKNGTCCIADLGLAVRHDSATDTIDIAPNHRVGTKRYMAPEVLDDSINMKHFESFKRADIYAMGLVFWEIARRCSIGGIHEDYQLPYYDLVPSDPSVEEMRKVVCEQKLRPNIPNRWQSCEALRVMAKIMRECWYANGAARLTALRIKKTLSQLSQQEG,6.552841969,95,1B6C,,,,Affinity Benchmark v5.5
CGVPAIQPVLSGLIVNGEEAVPGSWPWQVSLQDKTGFHFCGGSLINENWVVTAAHCGVTTSDVVVAGEFDQGSSSEKIQKLKIAKVFKNSKYNSLTINNDITLLKLSTAASFSQTVSAVCLPSASDDFAAGTTCVTTGWGLTRYANTPDRLQQASLPLLSNTNCKKYWGTKIKDAMICAGASGVSSCMGDSGGPLVCKKNGAWTLVGIVSWGSSTCSTSTPGVYARVTALVNWVQQTLAAN,KSFPEVVGKTVDQAREYFTLHYPQYDVYFLPEGSPVTLDLRYNRVRVFYNPGTNVVNHVPHVG,9.698970004,96,1ACB,,,,Affinity Benchmark v5.5
QVQLQESGGGLVQAGGSLRLSCAASGFTLDSYAIGWFRQAPGKEREGVSCISASGGSTNYADSVKGRFTISRDNAKNTVYLQMNSLKSEDTAVYYCAADHPGLCTSESGRRRYLEVWGQGTQVTVSS,IIGGEFTTIENQPWFAAIYRRHRGGSVTYVCGGSLISPCWVISATHCFIDYPKKEDYIVYLGRSRLNSNTQGEMKFEVENLILHKDYSADTLAHHNDIALLKIRSKEGRCAQPSRTIQTIALPSMYNDPQFGTSCEITGFGKEQSTDYLYPEQLKMTVVKLISHRECQQPHYYGSEVTTKMLCAADPQWKTDSCQGDSGGPLVCSLQGRMTLTGIVSWGRGCALKDKPGVYTRVSHFLPWIRSHTK,10.26760624,97,5HGG,,,,Affinity Benchmark v5.5
EVQLVESGGGLVQPGGSLRLSCAASGYVFTDYGMNWVRQAPGKGLEWMGWINTYIGEPIYADSVKGRFTFSLDTSKSTAYLQMNSLRAEDTAVYYCARGYRSYAMDYWGQGTLVTVSSASTKGPSVFPLAPTAALGCLVKDYFPEPVTVSWNSGALTSGVHTFPAVLQSSGLYSLSSVVTVPSSSLGTQTYICNVNHKPSNTKVDKKVEPKSDIQMTQSPSSLSASVGDRVTITCKASQNVGTNVAWYQQKPGKAPKALIYSASFLYSGVPYRFSGSGSGTDFTLTISSLQPEDFATYYCQQYNIYPLTFGQGTKVEIKRTVAAPSVFIFPPSDEQLKSGTASVVCLLNNFYPREAKVQWKVDNALQSGNSQESVTEQDSKDSTYSLSSTLTLSKADYEKHKVYACEVTHQGLSSPVTKSFNRGE,SDKPVAHVVANPQAEGQLQWANALLANGVELRDNQLVVPSEGLYLIYSQVLFKGQGCPSTHVLLTHTISRIAVSYQTKVNLLSAIKSPCAKPWYEPIYLGGVFQLEKGDRLSAEINRPDYLDFAESGQVYFGIIALSDKPVAHVVANPQAEGQLQWLNRRANALLANGVELRDNQLVVPSEGLYLIYSQVLFKGQGCPSTHVLLTHTISRIAVSYQTKVNLLSAIKSPCQAKPWYEPIYLGGVFQLEKGDRLSAEINRPDYLDFAESGQVYFGIIALSDKPVAHVVANPQAEGQLQWLNRRANALLANGVELRDNQLVVPSEGLYLIYSQVLFKGQGCPSTHVLLTHTISRIAVSYQTKVNLLSAIKSPCQAKPWYEPIYLGGVFQLEKGDRLSAEINRPDYLDFAESGQVYFGIIAL,10.56224944,98,5WUX,,,,Affinity Benchmark v5.5
QVQFKLVLVGDGGTGKTTFVKRHLTGEFEKKYVATLGVEVHPLVFHTNRGPIKFNVWDTAGQEKFGGLRDGYYIQAQCAIIMFDVTSRVTYKNVPNWHRDLVRVCENIPIVLCGNKVDIKDRKVKAKSIVFHRKKNLQYYDISAKSNYNFEKPFLWLARKLIGDPNLEFVAMPALAPPEVVMDPALAAQYEHDLEVAQTTALPDEDNHDPQFEPIVSLPEQEIKTLEEDEEELFKMRAKLFRFASENDLPEWKERGTGDVKLLKHKEKGAIRLLMRRDKTLKICANHYITPMMELKPNAGSDRAWVWNTHADFADECPKPELLAIRFLNAENAQKFKTKFEECRKEIEEREK,ARFSIEGKSLKLDAITTEDEKSVFAVLLEDDSVKEIVLSGNTIGTEAARWLSENIASKKDLEIAEFSDIFTGRVKDEIPEALRLLLQALLKCPKLHTVRLSDNAFGPTAQEPLIDFLSKHTPLEHLYLHNNGLGPQAGAKIARALQELAVNKKAKNAPPLRSIICGRNRLENGSMKEWAKTFQSHRLLHTVKMVQNGIRPEGIEHLLLEGLAYCQELKVLDLQDNTFTHLGSSALAIALKSWPNLRELGLNDCLLSARGAAAVVDAFSKLENIGLQTLRLQYNEIELDAVRTLKTVIDEKMPDLLFLELNGNRFSEEDDVVDEIREVFSTRGRGELDELDDMEE,9.522878745,99,1K5D,,,,Affinity Benchmark v5.5
GEEDDDLDLEKIFSEDDDIDIVDSLSVSPTDSDVSAGNILQLFHGKSRIQRLNILNAKFAFNLYRVLKDQVNTFDNIFIAPVGISTAMGMISLGLKGETHEQVHSILHFKDFVNASSKYEITTIHNLFRKLTHRLFRRNFGYTLRSVNDLYIQKQFPILLDFKTKVREYYFAEAQIADFSDPAFISKTNNHIMKLTKGLIKDALENIDPATQMMILNCIYFKGSWVNKFPVEMTHNHNFRLNEREVVKVSMMQTKGNFLAANDQELDCDILQLEYVGGISMLIVVPHKMSGMKTLEAQLTPRVVERWQKSMTNRTREVLLPKFKLEKNYNLVESLKLMGIRMLFDKNGNMAGISDQRIAIDLFKHQGTITVNEEGTQATTVTTVGFMPLSTQVRFTVDRPFLFLIYEHRTSCLLFMGRVANPSRS,IVEGSDAEIGMSPWQVMLFRKSPQELLCGASLISDRWVLTAAHCLLYPPWDKNFTENDLLVRIGKHSRTRYERNIEKISMLEKIYIHPRYNWRENLDRDIALMKLKKPVAFSDYIHPVCLPDRETAASLLQAGYKGRVTGWGNLKETWTANVGKGQPSVLQVVNLPIVERPVCKDSTRIRITDNMFCAGYKPDEGKRGDACEGDAGGPFVMKSPFNNRWYQMGIVSWGEGCDRDGKYGFYTHVFRLKKWIQKVIDQFGEATSEYQTFFNPRTFGSGEADCGLRPLFEKKSLEDKTERELLESYIDG,6.920818754,100,1JMO,,,,Affinity Benchmark v5.5
VQLQQSGAELMKPGASVKISCKATGYTFSGHWIEWVKQRPGHGLEWIGEILPGSGNIHYNEKFKGKATFAADTSSNTAYMQLSSLTSEDSAVYYCARLGTTAVERDWYFDVWGAGTTVTVSLADPSAPSVYPLAPVCGDTTGSSVTLGCLVKGYFPEPVTLTWNSGSLSSGVHTFPAVLQSDLYTLSSSVTVTSSTWPSQSITCNVAHPASSTKVDKKIEPRGDIVMTQSQKFMSASVGDRVSVTCKASQNVGTHLAWYQQKPGQSPKALIYSASYRYSGVPDRFTGSGSGTDFTLTISNVQSGDLADYFCQQYNNFPLTFGAGTKLEIKRADAAPTVSIFPPSSEQLTSGGASVVCFLNNFYPKDINVKWKIDGSERQNGVLNSWTDQDSKDSTYSMSSTLTLTRDEYERHNSYTCEATHKTSTSPIVKSFNRN,HNGKLCDLDGVKPLILRDCSVAGWLLGNPMCDEFINVPEWSYIVEKANPVNDLCYPGDFNDYEELKHLLSRINHFEKIQIIPKSSWSSHEASLGVSSACPYQGKSSFFRNVVWLIKKNSTYPTIKRSYNNTNQEDLLVLWGIHHPNDAAEQTKLYQNPTTYISVGTSTLNQRLVPRIATRSKVNGQSGRMEFFWTILKPNDAINFESNGNFIAPEYAYKIVKKGDSTIMKSELEYGNCNTKCQTPMGAINSSMPFHNIHPLTIGECPKYV,7.27572413,101,6A0Z,,,,Affinity Benchmark v5.5
EDPQLLVRVRGGQLRGIRLKAPGGPVSAFLGIPFAEPPVGSRRFMPPEPKRPWSGVLDATTFQNVCYQYVDTLYPGFEGTEMWNPNRELSEDCLYLNVWTPYPRPASPTPVLIWIYGGGFYSGAASLDVYDGRFLAQVEGAVLVSMNYRVGTFGFLALPGSREAPGNVGLLDQRLALQWVQENIAAFGGDPMSVTLFGESAGAASVGMHILSLPSRSLFHRAVLQSGTPNGPWATVSAGEARRRATLLARLVGCNDTELIACLRTRPAQDLVDHEWHVLPQESIFRFSFVPVVDGDFLSDTPEALINTGDFQDLQVLVGVVKDEGSYFLVYGVPGFSKDNESLISRAQFLAGVRIGVPQASDLAAEAVVLHYTDWLHPEDPTHLRDAMSAVVGDHNVVCPVAQLAGRLAAQGARVYAYIFEHRASTLTWPLWMGVPHGYEIEFIFGLPLDPSLNYTTEERIFAQRLMKYWTNFARTGDPNDPRDSKSPQWPPYTTAAQQYVSLNLKPLEVRRGLRAQTCAFWNRFLPKLLSAT,TMCYSHTTTSRAILTNCGENSCYRKSRRHPPKMVLGRGCGCPPGDDNLEVKCCTSPDKCNY,10.60205999,102,1MAH,,,,Affinity Benchmark v5.5
VQFKLVLVGDGGTGKTTFVKRHLTGEFEKKYVATLGVEVHPLVFHTNRGPIKFNVWDTAGQEKFGGLRDGYYIQAQCAIIMFDVTSRVTYKNVPNWHRDLVRVCENIPIVLCGNKVDIKDRKVKAKSIVFHRKKNLQYYDISAKSNYNFEKPFLWLARKLIGDPNLEFV,ELITILEKTVSPDRLELEAAQKFLERAAVENLPTFLVELSRVLANPGNSQVARVAAGLQIKNSLTSKDPDIKAQYQQRWLAIDANARREVKNYVLQTLGTETYRPSSASQCVAGIACAEIPVNQWPELIPQLVANVTNPNSTEHMKESTLEAIGYICQDIDPEQLQDKSNEILTAIIQGMRKEEPSNNVKLAATNALLNSLEFTKANFDKESERHFIMQVVCEATQCPDTRVRVAALQNLVKIMSLYYQYMETYMGPALFAITIEAMKSDIDEVALQGIEFWSNVCDEEMDLAIEASEAAEQGRPPEHTSKFYAKGALQYLVPILTQTLTKQDENDDDDDWNPCKAAGVCLMLLATCCEDDIVPHVLPFIKEHIKNPDWRYRDAAVMAFGCILEGPEPSQLKPLVIQAMPTLIELMKDPSVVVRDTAAWTVGRICELLPEAAINDVYLAPLLQCLIEG,9,103,1IBR,,,,Affinity Benchmark v5.5
QMNYEEVIKKYRGEENFDHAAYDWRLHSGVTPVKDQKNCGSCWAFSSIGSVESQYAIRKNKLITLSEQELVDCSFKNYGCNGGLINNAFEDMIELGGICPDGDYPYVSDAPNLCNIDRCTEKYGIKNYLSVPDNKLKEALRFLGPISISVAVSDDFAFYKEGIFDGECGDQLNHAVMLVGFGMKEIVNPLTKKGEKHYYYIIKNSWGQQWGERGFINIETDESGLMRKCGLGTDAFIPLIE,KVTKAHNGATLTVAVGELVEIQLPSNPTTGFAWYFEGGTKESPNESMFTVENKYFPPDSKLLGAGGTEHFHVTVKAAGTHAVNLTYMRPWTGPSHDSERFTVYLKAN,8.769551079,104,2OUL,,,,Affinity Benchmark v5.5
QVQLQESGPGLVKPSQTLSLTCSFSGFSLSTSGMGVGWIRQPSGKGLEWLAHIWWDGDESYNPSLKSRLTISKDTSKNQVSLKITSVTAADTAVYFCARNRYDPPWFVDWGQGTLVTVSSASTKGPSVFPLAPSSKSTSGGTAALGCLVKDYFPEPVTVSWNSGALTSGVHTFPAVLQSSGLYSLSSVVTVPSSSLGTQTYICNVNHKPSNTKVDKRVEPDIQMTQSTSSLSASVGDRVTITCRASQDISNYLSWYQQKPGKAVKLLIYYTSKLHSGVPSRFSGSGSGTDYTLTISSLQQEDFATYFCLQGKMLPWTFGQGTKLEIKRTVAAPSVFIFPPSDEQLKSGTASVVCLLNNFYPREAKVQWKVDNALQSGNSQESVTEQDSKDSTYSLSSTLTLSKADYEKHKVYACEVTHQGLSSPVTKSFNRGE,PVRSLNCTLRDSQQKSLVMSGPYELKALHLQGQDMEQQVVFSMSFVQGEESNDKIPVALGLKEKNLYLSCVLKDDKPTLQLESVDPKNYPKKKMEKRFVFNKIEINNKLEFESAQFPNWYISTSQAENMPVFLGGTKGGQDITDFTMQFV,9.537602002,105,4G6M,,,,Affinity Benchmark v5.5
QGQAAARAAAADLAAGQDDEPRILEAPAPDARRVYVNDPAHFAAVTQQFVIDGEAGRVIGMIDGGFLPNPVVADDGSFIAHASTVFSRIARGERTDYVEVFDPVTLLPTADIELPDAPRFLVGTYPWMTSLTPDGKTLLFYQFSPAPAVGVVDLEGKAFKRMLDVPDCYHIFPTAPDTFFMHCRDGSLAKVAFGTEGTPEITHTEVFHPEDEFLINHPAYSQKAGRLVWPTYTGKIHQIDLSSGDAKFLPAVEALTEAERADGWRPGGWQQVAYHRALDRIYLLVDQRDEWRHKTASRFLVVLDAKTGERLAKFEMGHEIDSINVSQDEKPLLYALSTGDKTLYIHDAESGEELRSVNQLGHGPQVITTADMGTDPRAKWVPQDNDIQACDYWRHCSIDGNICDCSGGSLTNCPPGTKLATASVASCYNPTDGQSYLIAYRDCCGYNVSGRCPCLNTEGELPVYRPEFANDIIWCFGAEDDAMTYHCTISPIVGKAS,DKATIPSESPFAAAEVADGAIVVDIAKMKYETPELHVKVGDTVTWINREAMPHNVHFVAGVLGEAALKGPMMKKEQAYSLTFTEAGTYDYHCTPHPFMRGKVVVE,5.346787486,106,2MTA,,,,Affinity Benchmark v5.5
FNKEQQNAFYEILHLPNLNEEQRNGFIQSLKDDPSQSANLLAEA,PSVFLFPPKPKDTLMISRTPEVTCVVVDVSHEDPQVKFNWYVDGVQVHNAKTKPREQQYNSTYRVVSVLTVLHQNWLDGKEYKCKVSNKALPAPIEKTISKAKGQPREPQVYTLPPSREEMTKNQVSLTCLVKGFYPSDIAVEWESNGQPENNYKTTPPVLDSDGSFFLYSKLTVDKSRWQQGNVFSCSVMHEALHNHYTQKSLSLS,7.638272164,107,1FC2,,,,Affinity Benchmark v5.5
EVQLLESGGGLVQPGGSLRLSCAASGFTFSSYIMMWVRQAPGKGLEWVSSIYPSGGITFYADTVKGRFTISRDNSKNTLYLQMNSLRAEDTAVYYCARIKLGTVTTVDYWGQGTLVTVSALTQPASVSGSPGQSITISCTGTSSDVGGYNYVSWYQQHPGKAPKLMIYDVSNRPSGVSNRFSGSKSGNTASLTISGLQAEDEADYYCSSYTSSSTRVFGTGTKVTV,AFTVTVPKDLYVVEYGSNMTIECKFPVEKQLDLAALIVYWEMEDKNIIQFVHGEEDLKVQHSSYRQRARLLKDQLSLGNAALQITDVKLQDAGVYRCMISYGGADYKRITVKVNAPYNKINQRILVVDPVTSEHELTCQAEGYPKAEVIWTSSDHQVLSGKTTTTNSEKLFNVTSTLRINTTTNEIFYCTFRRLDPEENHTAELVIPELPLAH,10.3757179,108,5GRJ,,,,Affinity Benchmark v5.5
NITLKIIETYLGRVPSVNEYHMLKSQARNIQKITVFNKDIFVSLVKKNKKRFFSDVNTSASEIKDRILSYFSKQTQTYNIGKLFTIIELQSVLVTTYTDILGVLTIKAPTSMEELARDMLNSMNVAVIVSSLVKNVNKLMEEYLRRHNKSCICYGSYSLYLINPNIRYGDIDILQTNSRTFLIDLAFLIKFITGNNIILSKIPYLRNYMVIKDENDNHIIDSFNIRQDTMNVVPKIFIDNIYIVDPTFQLLNMIKMFSQIDRLEDLSKDPEKFNARMATMLEYVRYTHGIVFDGKRNNMPMKCIIDENNRIVTVTTKDYFSFKKCLVYLDENVLSSDILDLNADTSCDFESVTNSVYLIHDNIMYTYFSNTILLSDKGKVHEISARGLCAHILLYQMLTSGEYKQCLSDLLNSMMNRDKIPIYSHTERDKKPGRHGFINIEKDIIVF,DVVSLDKPFYFEEIDNELDYEPESKKLPYQGQLKLLLGELFFLSKLQRHGILDGATVVYIGSAPGTHIRYLRDHFYNLGVIIKWLIDGRHHDPILNGLRDVTLVTRFVDEEYLRSIKKQLHPSKIILISDVASPSTADLLSNYALQNVISILNPVASSLKWRCPFPDQWIKDFYIPHGNKLQPFAPSYSAERLLSIYTGENRLTRVTKSDAVNYEKKYYLNKIVRNKVVVNFDYPNQEYDYFHYFLRTVYCNKTFPTTKAKVLFLQQSIFRFLNIP,8.920818754,109,2GAF,,,,Affinity Benchmark v5.5
QMNYEEVIKKYRGEENFDHAAYDWRLHSGVTPVKDQKNCGSCWAFSSIGSVESQYAIRKNKLITLSEQELVDCSFKNYGCNGGLINNAFEDMIELGGICPDGDYPYVSDAPNLCNIDRCTEKYGIKNYLSVPDNKLKEALRFLGPISISVAVSDDFAFYKEGIFDGECGDQLNHAVMLVGFGMKEIVNPLTKKGEKHYYYIIKNSWGQQWGERGFINIETDESGLMRKCGLGTDAFIPLIE,RLLGAPVPVDENDEGLQRALQFAMAEYNRASNDKYSSRVVRVISAKRQLVSGIKYILQVEIGRTTCPKSSGDLQSCEFHDEPEMAKYTTCTFVVYSIPWLNQIKLLESKCQ,8.187086643,110,1YVB,,,,Affinity Benchmark v5.5
ASETFEFQAEITQLMSLIINTVYSNKEIFLRELISNASDALDKIRYKSLSDPKQLETEPDLFIRITPKPEQKVLEIRDSGIGMTKAELINNLGTIAKSGTKAFMEALSAGADVSMIGQFGVGFYSLFLVADRVQVISKSNDDEQYIWESNAGGSFTVTLDEVNERIGRGTILRLFLKDDQLEYLEEKRIKEVIKRHSEFVAYPIQLV,HKTFVEKYEKQIKHFGMLRRWDDSQKYLSDNVHLVCEETANYLVIWCIDLEVEEKCALMEQVAHQTIVMQFILELAKSLKVDPRACFRQFFTKIKTADRQYMEGFNDELEAFKERVRGRAKLRIEKAMKEYEEEERKKRLGPGGLDPVEVYESLPEELQKCMLQDAISKMDPTDAKYHMQRCIDSGLWVPNSKA,5.823908741,111,1US7,,,,Affinity Benchmark v5.5
TGESKCPLMVKVLDAVRGSPAINVAVHVFRKAADDTWEPFASGKTSESGELHGLTTEEQFVEGIYKVEIDTKSYWKALGISPFHEHAEVVFTANDSGPRRYTIAALLSPYSYSTTAVVTNPKESKCPLMVKVLDAVRGSPAINVAVHVFRKAADDTWEPFASGKTSESGELHGLTTEEQFVEGIYKVEIDTKSYWKALGISPFHEHAEVVFTANDSGPRRYTIAALLSPYSYSTTAVVTNPKETGESKCPLMVKVLDAVRGSPAINVAVHVFRKAADDTWEPFASGKTSESGELHGLTTEEQFVEGIYKVEIDTKSYWKALGISPFHEHAEVVFTANDSGPRRYTIAALLSPYSYSTTAVVTNPKESKCPLMVKVLDAVRGSPAINVAVHVFRKAADDTWEPFASGKTSESGELHGLTTEEQFVEGIYKVEIDTKSYWKALGISPFHEHAEVVFTANDSGPRRYTIAALLSPYSYSTTAVVTNPKE,ERDCRVSSFRVKENFDKARFAGTWYAMAKKDPEGLFLQDNIVAEFSVDENGHMSATAKGRVRLLNNWDVCADMVGTFTDTEDPAKFKMKYWGVASFLQKGNDDHWIIDTDYETFAVQYSCRLLNLDGTCADSYSFVFARDPSGFSPQVQKIVRQRQEELCLARQYRLIPHNGYC,6.096910013,112,1RLB,,,,Affinity Benchmark v5.5
TYDFLFKFLVIGNAGTGKSCLLHQFIEKKFKDDSNHTIGVEFGSKIINVGGKYVKLQIWDTAGLERFRSVTRSYYRGAAGALLVYDITSRETYNALTNWLTDARMLASQNIVIILCGNKKDLDADREVTFLEASRFAQENELMFLETSALTGEDVEEAFVQCARKILNK,EGWLPLSGGQGQSEDSDPLLQQIHNITSFIRQAKAAGRMDEVRTLQENLRQLQDEYDQQQT,5.113509275,113,1Z0K,,,,Affinity Benchmark v5.5
AQSVPYGVSQIKAPALHSQGYTGSNVKVAVIDSGIDSSHPDLKVAGGASMVPSETNPFQDNNSHGTHVAGTVAALNNSIGVLGVAPSASLYAVKVLGADGSGQYSWIINGIEWAIANNMDVINMSLGGPSGSAALKAAVDKAVASGVVVVAAAGNEGTSGSSSTVGYPGKYPSVIAVGAVDSSNQRASFSSVGPELDVMAPGVSIQSTLPGNKYGAYNGTSMASPHVAGAAALILSKHPNWTNTQVRSSLENTTTKLGDSFYYGKGLINVQAAAQ,YAPSALVLTVGKGVSATTAAPERAVTLTCAPGPSGTHPAAGSACADLAAVGGDLNALTRGEDVMCPMVYDPVLLTVDGVWQGKRVSYERVFSNECEMNAHGSSVFAF,10.14874165,114,2SIC,,,,Affinity Benchmark v5.5
SMSGIALSRLAQERKAWRKDHPFGFVAVPTKTMNLMNWECAIPGKKGTPWEGGLFKLRMLFKDDYPSSPPKCKFEPPLFHPNVYPSGTVCLSILEEDKDWRPAITIKQILLGIQELLNEPNIQDPAQAEAYTIYCQNRVEYEKRVRAQAKKFAPS,QELRLRVQGKEKHQMLEISLSPDSPLKVLMSHYEEAMGLSGHKLSFFFDGTKLSGKELPADLGLESGDLIEVWG,5.55129368,115,3A4S,,,,Affinity Benchmark v5.5
QIVMTQSPFSMYATLGERVTITCKASQDIYSYLSWLQQKPGKSLKTLIYRANRLITGVPSRFSGSGSGQDYSLTISSLEYEDMGIYYCLQYDEFPYTFGGGTKLEMKRADAAPTVSIFPPSSEQLTSGGASVVCFLNNFYPKDINVKWKIDGSERQNGVLNSWTDQDSKDSTYSMSSTLTLTKDEYERHNSYTCEATHKTSTSPIVKSFNREVQLQESGPGLVKPSQSLSLTCTVTGYSITSDYAWNWIRQFPGNKLEWMGYISYSGTTSYNPSLKSRISITRDTSKNQFFLQLNSVTTEDTATYYCGRTGVYRYPERAPYWGQGTLVTVSAAKTTPPSVYPLAPQTNSMVTLGCLVKGYFPEPVTVTWNSGSLSSGVHTFPAVLQSDLYTLSSSVTVPSSTWPSETVTCNVAHPASSTKVDKKIVPRD,TNACSINGNAPAEIDLRQMRTVTPIRMQGGCGSCWAFSGVAATESAYLAYRNQSLDLAEQELVDCASQHGCHGDTIPRGIEYIQHNGVVQESYYRYVAREQSCRRPNAQRFGISNYCQIYPPNVNKIREALAQTHSAIAVIIGIKDLDAFRHYDGRTIIQRDNGYQPNYHAVNIVGYSNAQGVDYWIVRNSWDTNWGDNGYGYFAANIDLMMIEEYPYVVIL,7.721246399,116,3RVW,,,,Affinity Benchmark v5.5
AMAVDAERLKHLIVTPSGAGEQNMIGMTPTVIAVHYLDETEQWEKFGLEKRQGALELIKKGYTQQLAFRQPSSAFAAFVKRAPSTWLTAYVVKVFSLAVNLIAIDSQVLCGAVKWLILEKQKPDGVFQEDAPVIHQEMIGGLRNNNEKDMALTAFVLISLQEAKDICEEQVNSLPGSITKAGDFLEANYMNLQRSYTVAIAGYALAQMGRLKGPLLNKFLTTAKDKNRWEDPGKQLYNVEATSYALLALLQLKDFDFVPPVVRWLNEQRYYGGGYGSTQATFMVFQALAQYQKDAP,DSDIAFLIDGSGSIIPHDFRRMKEFVSTVMEQLKKSKTLFSLMQYSEEFRIHFTFKEFQNNPNPRSLVKPITQLLGRTHTATGIRKVVRELFNITNGARKNAFKILVVITDGEKFGDPLGYEDVIPEADREGVIRYVIGVGDAFRSEKSRQELNTIASKPPRDHVFQVNNFEALKTIQN,6.346787486,117,4M76,,,,Affinity Benchmark v5.5
AGHHHHHHEETLLNTKLETADLKWVTFPQVDGQWEELSGLDEEQHSVRTYEVCDVQRAPGQAHWLRTGWVPRRGAVHVYATLRFTMLECLSLPRAGRSCKETFTVFYYESDADTATALTPAWMENPYIKVDTVAAEHLTRKRPGAEATGKVNVKTLRLGPLSKAGFYLAFQDQGACMALLSLHLFYKK,IVLEPIYWNSSNSKFLPGQGLVLYPQIGDKLDIICPKVDSKTVQYEYYKVYMVDKDQADRCTIKPLLNCARPDQDVKFTIKFQEFSPNLWGLEFQKNKDYYIISTSNGSLEGLDNQEGGVCQTRAMKILMKVG,7.397940009,118,2HLE,,,,Affinity Benchmark v5.5
AAVTQSPRNKVAVTGEKVTLSCQQTNNHNNMYWYRQDTGHGLRLIHYSYGAGSTEKGDIPDGYKASRPSQEQFSLILESATPSQTSVYFCASGGGGTLYFGAGTRLSVL,SQPDPMPDDLHKSSEFTGTMGNMKYLYDDHYVSATKVKSVDKFLAHDLIYNISDKKLKNYDKVKTELLNEDLAKKYKDEVVDVYGSNYYVNCYFSSKDGKVTGGKTCMYGGITKHEGNHFDNGNLQNVLVRVYENKRNTISFEVQTDKKSVTAQELDIKARNFLINKKNLYEFNSSPYETGYIKFIENNGNTFWYDMMPAPGDKFDQSKYLMMYNDNKTVDSKSVKIEVHLTTK,4.920818754,119,2AQ3,,,,Affinity Benchmark v5.5
EVSWISWFCGLRGNEFFCEVDEDYIQDKFNLTGLNEQVPHYRQALDMILDLEPDEELEDNPNQSDLIEQAAEMLYGLIHARYILTNRGIAQMLEKYQQGDFGYCPRVYCENQPMLPIGLSDIPGEAMVKLYCPKCMDVYTPKSSRHHHTDGAYFGTGFPHMLFMVHPEYRPKRPANQFVPRLYGFKIHPMAYQLQLQAASSSSEEVSWISWFCGLRGNEFFCEVDEDYIQDKFNLTGLNEQVPHYRQALDMILDLEPDEELEDNPNQSDLIEQAAEMLYGLIHARYILTNRGIAQMLEKYQQGDFGYCPRVYCENQPMLPIGLSDIPGEAMVKLYCPKCMDVYTPKSSRHHHTDGAYFGTGFPHMLFMVHPEYRPKRPANQFVPRLYGFKIHPMAYQLQLQAAS,SGPVPSRARVYTDVNTHRPREYWDYESHVVEWGNQDDYQLVRKLGRGKYSEVFEAINITNNEKVVVKILKPVKKKKIKREIKILENLRGGPNIITLADIVKDPVSRTPALVFEHVNNTDFKQLYQTLTDYDIRFYMYEILKALDYCHSMGIMHRDVKPHNVMIDHEHRKLRLIDWGLAEFYHPGQEYNVRVASRYFKGPELLVDYQMYDYSLDMWSLGCMLASMIFRKEPFFHGHDNYDQLVRIAKVLGTEDLYDYIDKYNIELDPRFNDILGRHSRKRWERFVHSENQHLVSPEALDFLDKLLRYDHQSRLTAREAMEHPYFYTVVKDQARMGSS,7.886056648,120,1JWH,,,,Affinity Benchmark v5.5
QVQLVQSGAEVKKPGSSVKVSCKSSGGTSNNYAISWVRQAPGQGLDWMGGISPIFGSTAYAQKFQGRVTISADIFSNTAYMELNSLTSEDTAVYFCARHGNYYYYSGMDVWGQGTTVTVSSASTKGPSVFPLAPGGTAALGCLVKDYFPEPVTVSWNSGALTSGVHTFPAVLQSSGLYSLSSVVTVPSSSLGTQTYICNVNHKPSNTKVDKRVEPSALTQPPAVSGTPGQRVTISCSGSDSNIGRRSVNWYQQFPGTAPKLLIYSNDQRPSVVPDRFSGSKSGTSASLAISGLQSEDEAEYYCAAWDDSLKGAVFGGGTQLTVLGQPKAAPSVTLFPPSSEELQANKATLVCLISDFYPGAVTVAWKADSSPVKAGVETTTPSKQSNNKYAASSYLSLTPEQWKSHRSYSCQVTHEGSTVEKTVAP,DPGDQICIGYHANNSTEQVDTIMEKNVTVTHAQDILEKKHNGKLCDLDGVKPLILRDCSVAGWLLGNPMCDEFINVPEWSYIVEKANPVNDLCYPGDFNDYEELKHLLSRINHFEKIQIIPKSSWSSHEASLGVSSACPYQGKSSFFRNVVWLIKKNSTYPTIKRSYNNTNQEDLLVLWGIHHPNDAAEQTKLYQNPTTYISVGTSTLNQRLVPRIATRSKVNGQSGRMEFFWTILKPNDAINFESNGNFIAPEYAYKIVKKGDSTIMKSELEYGNCNTKCQTPMGAINSSMPFHNIHPLTIGECPKYVKSNRLVLATGLRNSPGLFGAIAGFIEGGWQGMVDGWYGYHHSNEQGSGYAADKESTQKAIDGVTNKVNSIIDKMNTQFEAVGREFNNLERRIENLNKKMEDGFLDVWTYNAELLVLMENERTLDFHDSNVKNLYDKVRLQLRDNAKELGNGCFEFYHKCDNECMESVRNGTYDYPQYSEEARLKREEISSG,9.045757491,121,4FQI,,,,Affinity Benchmark v5.5
EFPEQVINQPMMMAARQLHDEARKWSSKGNDIIAAAKRMALLMAEMSRLVRGGSGTKRALIQCAKDIAKASDEVTRLAKEVAKQCTDKRIRTNLLQVCERIPTISTQLKILSTVKATMLGRTNISDEESEQATEMLVHNAQNLMQSVKETVREAEAASIKIRTDAGFTLRWVRK,HMRKILIRGLPGDVTNQEVHDLLSDYELKYCFVDKYKGTAFVTLLNGEQAEAAINAFHQSRLRERELSVQLQPT,4.655607726,122,3H2V,,,,Affinity Benchmark v5.5
MTEYKLVVVGAGGVGKSALTIQLIQNHFVDEYDPTIEDSYRKQVVIDGETCLLDILDTAGQEEYSAMRDQYMRTGEGFLCVFAINNTKSFEDIHQYREQIKRVKDSDDVPMVLVGNKCDLAARTVESRQAQDLARSYGIPYIETSAKTRQGVEDAFYTLVREIRQH,MPEEEYSEFKELILQKELHVVYALSHVCGQDRTLLASILLRIFLHEKLESLLLCTLNDREISMEDEATTLFRATTLASTLMEQYMKATATQFVHHALKDSILKIMESKQSCELSPSKLEKNEDVNTNLTHLLNILSELVEKIFMASEILPPTLRYIYGCLQKSVQHKWPTNTTMRTRVVSGFVFLRLICPAILNPRMFNIISDSPSPIAARTLILVAKSVQNLANLVEFGAKEPYMEGVNPFIKSNKHRMIMFLDELGNVPELPDTTEHSRTDLSRDLAALHEICVAHSDELRTLSNERGAQQHVLKKLLAITELLQQKQ,4.769551079,123,1WQ1,,,,Affinity Benchmark v5.5
DLIPAPPLSKVPLQQNFQDNQFHGKWYVVGLAGNRILRDDQHPMNMYATIYELKEDKSYNVTSVISSHKKCEYTIATFVPGSQPGEFTLGNIKSYGDKTSYLVRVVSTDYNQYAVVFFKLAEDNAEFFAITIYGRTKELASELKENFIRFSKSLGLPENHIVFPVPIDQCIDG,MHVAQPAVVLASSRGIASFVCEYASPGKATEVRVTVLRQADSQVTEVCAATYMMGNELTFLDDSICTGTSSGNQVNLTIQGLRAMDTGLYICKVELMYPPPYYLGIGNGTQIYVIDPEPC,8.045757491,124,3BX7,,,,Affinity Benchmark v5.5
DVSGTVCLSALPPEATDTLNLIASDGPFPYSQDGVVFQNRESVLPTQSYGYYHEYTVITPGARTRGTRRIITGEATQEDYYTGDHYATFSLIDQTC,KKAVINGEQIRSISDLHQTLKKELALPEYYGENLDALWDCLTGWVEYPLVLEWRQFEQSKQLTENGAESVLQVFREAKAEGCDITIILS,9.698970004,125,1AY7,,,,Affinity Benchmark v5.5
EVQLVESGGGLVQPGGSLRLSCAASGFTISDYWIHWVRQAPGKGLEWVAGITPAGGYTYYADSVKGRFTISADTSKNTAYLQMNSLRAEDTAVYYCARFVFFLPYAMDYWGQGTLVTVSSASTKGPSVFPLAPSSGTAALGCLVKDYFPEPVTVSWNSGALTSGVHTFPAVLQSSGLYSLSSVVTVPSSSLGTQTYICNVNHKPSNTKVDKKVEPKSCDIQMTQSPSSLSASVGDRVTITCRASQDVSTAVAWYQQKPGKAPKLLIYSASFLYSGVPSRFSGSGSGTDFTLTISSLQPEDFATYYCQQSYTTPPTFGQGTKVEIKRTVAAPSVFIFPPSDEQLKSGTASVVCLLNNFYPREAKVQWKVDNALQSGNSQESVTEQDSKDSTYSLSSTLTLSKADYEKHKVYACEVTHQGLSSPVTKSFNR,VVKFMDVYQRSYCHPIETLVDIFQEYPDEIEYIFKPSCVPLMRCGGCCNDEGLECVPTEESNITMQIMRIKPHQGQHIGEMSFLQHNKCECRPKKVVKFMDVYQRSYCHPIETLVDIFQEYPDEIEYIFKPSCVPLMRCGGCCNDEGLECVPTEESNITMQIMRIKPHQGQHIGEMSFLQHNKCECRPK,7.698970004,126,2FJG,,,,Affinity Benchmark v5.5
EVQLVESGGDLVKPGGSLKLSCAASGFTFSSYGMSWVRQTPDKRLEWVATISSGGNYIYYPDTVKGRFTISRDNAKNTLYLQMSSLKSEDTAMYYCTREGAYSGSSSYPMDYWGQGTSVTVSSAKTTPPSVYPLAPDTTGSSVTLGCLVKGYFPESVTVTWNSGSLSSSVHTFPALLQSGLYTMSSSVTVPSSTWPSQTVTCSVAHPASSTTVDKKLEPSGNIMMTQSPSSLAVSAGEKVTMNCKSSQSVLYSSNQKNYLAWYQQKPGQSPKLLIYWASTRESGVPDRFTGSGSGTDFTLTISSVQTEDLAVYYCHQYLSSYMYTFGGGTKLEIKRADAAPTVSIFPPSSEQLTSGGASVVCFLNNFYPKDINVKWKIDGSERQNGVLNSWTDQDSKDSTYSMSSTLTLTKDEYERHNSYTCEATHKTSTSPIVKSFNRN,CLGWLWGMDIDPYKEFGATVELLSFLPSDFFPSVRDLLDTAAALYRDALESPEHASPHHTALRQAILCWGDLMTLATWVGTNLEDPASRDLVVSYVNTNVGLKFRQLLWFHISALTFGRETVLEYLVSFAVWIRTPPAYRPPNAPILS,8.48148606,127,3V6Z,,,,Affinity Benchmark v5.5
EVQLLESGGGLVQPGGSLRLSCAASGFTFSEYAMGWVRQAPGKGLEWVSSIGSSGGQTKYADSVKGRFTISRDNSKNTLYLQMNSLRAEDTAVYYCARLAIGDSYWGQGTMVTVSSASTKGPSVFPLAPSGTAALGCLVKDYFPEPVTVSWNSGALTSGVHTFPAVLQSSGLYSLSSVVTVPSSSLGTQTYICNVNHKPSNTKVDKRVEPKQSALTQPASVSGSPGQSITISCTGTGSDVGSYNLVSWYQQHPGKAPKLMIYGDSQRPSGVSNRFSGSKSGNTASLTISGLQAEDEADYYCASYAGSGIYVFGTGTKVTVLGQPKANPTVTLFPPSSEELQANKATLVCLISDFYPGAVTVAWKADGSPVKAGVETTKPSKQSNNKYAASSYLSLTPEQWKSHRSYSCQVTHEGSTVEKTVAP,HLSLLYHLTAVSSPAPGTPAFWVSGWLGPQQYLSYNSLRGEAEPCGAWVSWYWEKETTDLRIKEKLFLEAFKALGGKGPYTLQGLLGCELGPDNTSVPTAKFALNGEEFMNFDLKQGTWGGDWPEALAISQRWQQQDKAANKELTFLLFSCPHRLREHLWKEPPSMRLKARPSSPGFSVLTCSAFSFYPPELQLRFLRNGLAAGTGQGDFGPNSDGSFHASSSLTVKSGDEHHYCCIVQHAGLAQPLRVELESPIQRTPKIQVYSRHPAENGKSNFLNCYVSGFHPSDIEVDLLKNGERIEKVEHSDLSFSKDWSFYLLYYTEFTPTEKDEYACRVNHVTLSQPKIVKWDRDM,8.742321425,128,5WHK,,,,Affinity Benchmark v5.5
EVQLLESGGGLVQPGGSLRLSCAASGFTFSRYVMWWVRQAPGKGLEWVSYIWPSGGNTYYADSVKGRFTISRDNSKNTLYLQMNSLRAEDTAVYYCASSYDFWSNAFDIWGQGTMVTVSSASTKGPSVFPLAPSTSESTAALGCLVKDYFPEPVTVSWNSGALTSGVHTFPAVLQSSGLYSLSSVVTVPSSSLGTKTYTCNVDHKPSNTKVDKRVESIQMTQSPSSLSASVGDRVTITCRASQSIGSYLNWYQQKTGKAPKALIYAASSLQSGVPSRFSGSGSGTDFTLTISSLQLEDFATYYCQQSYSTPSFGQGTKVEIKRTVAAPSVFIFPPSDEQLKSGTASVVCLLNNFYPREAKVQWKVDNALQSGNSQESVTEQDSKDSTYSLSSTLTLSKADYEKHKVYACEVTHQGLSSPVTKSFNR,GNVDLVFLFDGSMSLQPDEFQKILDFMKDVMKKCSNTSYQFAAVQFSTSYKTEFDFSDYVKWKDPDALLKHVKHMLLLTNTFGAINYVATEVFREELGARPDATKVLIIITDGEATDSGNIDAAKDIIRYIIGIGKHFQTKESQETLHKFASKPASEFVKILDTFEKLKDLCTELQKKIY,5.327902142,129,3HI6,,,,Affinity Benchmark v5.5
LENVDAKIAKLMGEGYAFEEVKRALEIAQNNVEVARSILREFAF,MQIFVKTLTGKTITLEVEPSDTIENVKAKIQDKEGIPPDQQRLIFAGKQLEDGRTLSDYNIQKESTLHLVLR,4.22184875,130,2OOB,,,,Affinity Benchmark v5.5
ERRSMHGVLVDIYGLGVLITGDSGVGKSETALELVQRGHRLIADDRVDVYQQDEQTIVGAAPPILSHLLEIRGLGIIDVMNLFGAGAVREDTTISLIVHLENWTPDEQTQLIFDVPVPKITVPVKVGRNLAIIIEVAAMNFRAKSMGYDATKTFEKNLNHLIEHNEEERRSMHGVLVDIYGLGVLITGDSGVGKSETALELVQRGHRLIADDRVDVYQQDEQTIVGAAPPILSHLLEIRGLGIIDVMNLFGAGAVREDTTISLIVHLENWTPGEQTQLIFDVPVPKITVPVKVGRNLAIIIEVAAMNFRAKSMGYDATKTFEKNLNHLIEHNEAERRSMHGVLVDIYGLGVLITGDSGVGKSETALELVQRGHRLIADDRVDVYQQDEQTIVGAAPPILSHLLEIRGLGIIDVMNLFGAGAVREDTTISLIVHLENWTPDEQTQLIFDVPVPKITVPVKVGRNLAIIIEVAAMNFRAKSMGYDATKTFEKNLNHLIEHNEE,QKTFKVTADSGIHARPATVLVQTASKYDADVNLEYNGKTVNLKSIMGVMSLGIAKGAEITISASGADENDALNALEETMKSERLGE,7.346787486,131,1KKL,,,,Affinity Benchmark v5.5
IVGGYTCGANTVPYQVSLNSGYHFCGGSLINSQWVVSAAHCYKSGIQVRLGEDNINVVEGNEQFISASKSIVHPSYNSNTLNNDIMLIKLKSAASLNSRVASISLPTSCASAGTQCLISGWGNTKSSGTSYPDVLKCLKAPILSDSSCKSAYPGQITSNMFCAGYLEGGKDSCQGDSGGPVVCSGKLQGIVSWGSGCAQKNKPGVYTKVCNYVSWIKQTIASN,RVCPRILMECKKDSDCLAECVCLEHGYCG,11.52287875,132,1PPE,,,,Affinity Benchmark v5.5
VLSPADKTNVKAAWGKVGAHAGEYGAEALERMFLSFPTTKTYFPHFDLSHGSAQVKGHGKKVADALTNAVAHVDDMPNALSALSDLHAHKLRVDPVNFKLLSHCLLVTLAAHLPAEFTPAVHASLDKFLASVSTVLTSKYTALWGKVNVDEVGGEALGRLLVVYPWTQRFFESFGDLSTPDAVMGNPKVKAHGKKVLGAFSDGLAHATLSELHCDKLHVDPENFRLLGNVLVCVLAHHFGKEFTPPVQAAYQKVVAGVANALA,SLKDAIKDPALENKEHDIGPREQVNFQLLDKNNETQYYHFFSIKDPADVYYTKKKAEVELDINTASTWKKFEVYENNQKLPVRLVSYSPVPEDHAYIRFPVSDGTQELKIVSSTQIDDGEETNYDYTKLVFAKPIYNDPSL,7.045275209,133,3SZK,,,,Affinity Benchmark v5.5
QAIKCVVVGDGAVGKTCLLISYTTNAFPGEYIPTVFDNYSANVMVDGKPVNLGLWDTAGQEDYDRLRPLSYPQTDVFLICFSLVSPASFENVRAKWYPEVRHHCPNTPIILVGTKLDLRDDKDTIEKLKEKKLTPITYPQGLAMAKEIGAVKYLECSALTQRGLKTVFDEAIRAVLC,SRTVDLELELQIELLRETKRKYESVLQLGRALTAHLYSLLQTQHALGDAFADLSQKSPELQEEFGYNAETQKLLCKNGETLLGAVNFFVSSINTLVTKTMEDTLMTVKQYEAARLEYDAYRTDLEELSESAQATFQAHRDKYEKLRGDVAIKLKFLEENKIKVMHKQLLLFHNAVSAYFAGNQKQLEQVDLELELQIELLRETKRKYESVLQLGRALTAHLYSLLQTQHALGDAFADLSQKSPELQEEFGYNAETQKLLCKNGETLLGAVNFFVSSINTLVTKTMEDTLMTVKQYEAARLEYDAYRTDLEESAQATFQAHRDKYEKLRGDVAIKLKFLEENKIKVMHKQLLLFHNAVSAYFAGNQKQLEQTLQ,5.522878745,134,1I4D,,,,Affinity Benchmark v5.5
KYIVALDQGTTSSRAVVMDHDANIISVSQREFEQIYPKPGWVEHDPMEIWATQSSTLVEVLAKADISSDQIAAIGITNQRETTIVWEKETGKPIYNAIVWQCRRTAEICEHLKRDGLEDYIRSNTGLVIDPYFSGTKVKWILDHVEGSRERARRGELLFGTVDTWLIWKMTQGRVHVTDYTNASRTMLFNIHTLDWDDKMLEVLDIPREMLPEVRRSSEVYGQTNIIPISGIAGDQQAALFGQLCVKEGMAKNTYGTGCFMLMNTGEKAVKSENGLLTTIACGPTGEVNYALEGAVFMAGASIQWLRDEMKLINDAYDSEYFATKVQNTNGVYVVPAFTGLGAPYWDPYARGAIFGLTRGVNANHIIRATLESIAYQTRDVLEAMQADSGIRLHALRVDGGAVANNFLMQFQSDILGTRVERPEVREVTALGAAYLAGLAVGFWQNLDELQEKAVIEREFRPGIETTERNYRYAGWKKAVKRAMAWEEH,GLFDKLKSLVSTIEIIAPLSGEIVNIEDVPDVVFAEKIVGDGIAIKPTGNKMVAPVDGTIGKIFETNHAFSIESDSGVELFVHFGIDTVELKGEGFKRIAEEGQRVKVGDTVIEFDLPLLEEKAKSTLTPVVISNMDEIKELIKLSGSVTVGETPVIRIKK,4.958607315,135,1GLA,,,,Affinity Benchmark v5.5
MENFQKVEKIGEGTYGVVYKARNKLTGEVVALKKIRLDTTAIREISLLKELNHPNIVKLLDVIHTENKLYLVFEFLHQDLKKFMDASALTGIPLPLIKSYLFQLLQGLAFCHSHRVLHRDLKPQNLLINTEGAIKLADFGLARAFGVPVRTYTHEVVTLWYRAPEILLGCKYYSTAVDIWSLGCIFAEMVTRRALFPGDSEIDQLFRIFRTLGTPDEVVWPGVTSMPDYKPSFPKWARQDFSKVVPPLDEDGRSLLSQMLHYDPNKRISAKAALAHPFFQDVTKPVP,QIYYSDKYDDEEFEYRHVMLPKDIAKLVPKTHLMSESEWRNLGVQQSQGWVHYMIHEPEPHILLFRRPLP,7.113509275,136,1BUH,,,,Affinity Benchmark v5.5
DDTSSSINFLTRVTGIGPSAARKLVDEGIKTLEDLRKNEDKLNHHQRIGLKYFEDFEKRIPREEMLQMQDIVLNEVKKLDPEYIATVCGSFRRGAESSGDMDVLLTHPNFTSESSKQPKLLHRVVEQLQKVRFITDTLSKGETKFMGVCQLPSENDENEYPHRRIDIRLIPKDQYYCGVLYFTGSDIFNKNMRAHALEKGFTINEYTIRPLGVTGVAGEPLPVDSEQDIFDYIQWRYREPKDRSEHHH,PEIRLRHVVSCSSQDSTHCAENLLKADTRKWRAAKAGEKTISVVLQLEKEEQIHSVDIGNDGSAFVEVLVGSSAGGAGEQDYEVLLVTSSFMSPSESRSGSNPNRVRMFGPDKLVRAAAEKRWDRVKIVCSQPYSKDSPFGLSFVRFHSPP,6.958607315,137,3K75,,,,Affinity Benchmark v5.5
VRIVIDSGVDSGRPIGVVPFQWAGPGAAPEDIGGIVAADLRNSGKFNPLDRARLPQQPGSAQEVQPAAWSALGIDAVVVGQVTPNPDGSYNVAYQLVDTGGAPGTVLAQNSYKVNKQWLRYAGHTASDEVFEKLTGIKGAFRTRIAYVVQTNGGQFPYELRVSDYDGYNQFVVHRSPQPLMSPAWSPDGSKLAYVTFESGRSALVIQTLANGAVRQVASFPRHNGAPAFSPDGSKLAFALSKTGSLNLYVMDLASGQIRQVTDGRSNNTEPTWFPDSQNLAFTSDQAGRPQVYKVNINGGAPQRITWEGSQNQDADVSSDGKFMVMVSSNGGQQHIAKQDLATGGVQVLSSTFLDETPSLAPNGTMVIYSSSQGMGSVLNLVSTDGRFKARLPATDGQVKFPAWSPYLHHHH,QNNIVYFDLDKYDIRSDFAQMLDAHANFLRSNPSYKVTVEGHADERGTPEYNISLGERRANAVKMYLQGKGVSADQISIVSYGKEKPAVLGHDEAAYSKNRRAVLVYL,7.568636236,138,2HQS,,,,Affinity Benchmark v5.5
HPTFNKITPNLAEFAFSLYRQLAHQSNSTNILFSPVSIAAAFAMLSLGAKGDTHDEILEGLNFNLTEIPEAQIHEGFQELLRTLNQPDSQLQLTTGNGLFLSEGLKLVDKFLEDVKKLYHSEAFTVNFGDTEEAKKQINDYVEKGTQGKIVDLVKELDRDTVFALVNYIFFKGKWERPFEVKDTEEEDFHVDQVTTVKVPMMKRLGMFNIQHSKKLSSWVLLMKYLGNATAIFFLPDEGKLQHLENELTHDIITKFLENEDRRSASLHLPKLSITGTYDLKSVLGQLGITKVFSNGADLSGVTEEAPLKLSKAVHKAVLTIDEKGTEAAGAMFLEAIPRSIPPEVKFNKPFVFLIIEQNTKAPLFMGRVVNPTQK,IVGGYTCGANTVPYQVSLNSGYHFCGGSLINSQWVVSAAHCYKSGIQVRLGEDNINVVEGNEQFISASKSIVHPSYNSNTLNNDIMLIKLKSAASLNSRVASISLPTSCASAGTQCLISGWGNTKSSGTSYPDVLKCLKAPILSDSSCKSAYPGQITSNMFCAGYLEGGKDSCQGDAGGPVVCSGKLQGIVSWGSGCAQKNKPGVYTKVCNYVSWIKQTIASN,8.301029996,139,1OPH,,,,Affinity Benchmark v5.5
DSINTLWTGIKPPPNCQIVENTDTNDGKLTLVLVKNGGLVNGYVSLVGVSDTVNQMFTQKSATIQLRLYFDSSGNLLTDESNLKIPLKNKSSSKAFMPSTTAYPFNTTRDSENYIHGICYYMTSYDRSLVPLNISIMLNSRTISSNVAYAIQFEWNLNAKESPESNIATLTTSPFFFSYIREDINTLWTGIKPPPNCQIVENTDTNDGKLTLVLVKNGGLVNGYVSLVGVSDTVNQMFTQKSATIQLRLYFDSSGNLLTDESNLKIPLKNKSSSKAFMPSTTAYPFNTTTRDSENYIHGICYYMTSYDRSLVPLNISIMLNSRTISSNVAYAIQFEWNLNAKESPESNIATLTTSPFFFSYIREDDNSINTLWTGIKPPPNCQIVENTDTNDGKLTLVLVKNGGLVNGYVSLVGVSDTVNQMFTQKSATIQLRLYFDSSGNLLTDESNLKIPLKNKSSSKAFMPSTTAYPFNTTTRDSENYIHGICYYMTSYDRSLVPLNISIMLNSRTISSNVAYAIQFEWNLNAKESPESNIATLTTSPFFFSYIREDD,CEEPPTFEAMELIGKPKPYYEIGERVDYKCKKGYFYIPPLATHTICDRNHTWLPVSDDACYRETCPYIRDPLNGQAVPANGTYEFGYQMHFICNEGYYLIGEEILYCELKGSVAIWSGKPPICEKV,6.54668166,140,3L89,,,,Affinity Benchmark v5.5
IIGGRECEKNSHPWQVAIYHYSSFQCGGVLVNPKWVLTAAHCKNDNYEVWLGRHNLFENENTAQFFGVTADFPHPGFNLSGKDYSHDLMLLRLQSPAKITDAVKVLELPTQEPELGSTCEASGWGSIEPGPDDFEFPDEIQCVQLTLLQNTFCADAHPDKVTESMLCAGYLPGGKDTCMGDSGGPLICNGMWQGITSWGHTPCGSANKPSIYTKLIFYLDWIDDTITENP,TCGGETCSAAQVCLKGKCVCNEVHCRIRCKYGLKKDENGCEYPCSCAK,7.886056648,141,1HIA,,,,Affinity Benchmark v5.5
CSPGIWQLDCTHLEGKVILVAVHVASGYIEAEVIPAETGQETAYFLLKLAGRWPVKTVHTDNGSNFTSTTVKAACWWAGIKQEFVIESMNKELKKIIGQVRDQAEHLKTAVQMAVFIHNKKSAGERIVDIIATDISPGIWQLDCTHLEGKVILVAVHVASGYIEAEVIPAETGQETAYFLLKLAGRWPVKTVHTDNGSNFTSTTVKAACWWAGIKQEFGIPYNPQSQGVIESMNKELKKIIGQVRDQAEHLKTAVQMAVFIHNKKRSAGERIVDIIATDI,GSSMDSRLQRIHAEIKNSLKIDNLDVNRCIEALDELASLQVTMQQAQKHTEMITTLKKIRRFKVSQVIMEKSTMLYNKFKNM,7.958607315,142,2B4J,,,,Affinity Benchmark v5.5
MWFGEFGGQYVPETLIEPLKELEKAYKRFKDDEEFNRQLNYYLKTWAGRPTPLYYAKRLTEKIGGAKIYLKREDLVHGGAHKTNNAIGQALLAKFMGKTRLIAETGAGQHGVATAMAGALLGMKVDIYMGAEDVERQKMNVFRMKLLGANVIPVNSGSRTLKDAINEALRDWVATFEYTHYLIGSVVGPHPYPTIVRDFQSVIGREAKAQILEAEGQLPDVIVACVGGGSNAMGIFYPFVNDKKVKLVGVEAGGKGLESGKHSASLNAGQVGVFHGMLSYFLQDEEGQIKPTHSIAPGLDYPGVGPEHAYLKKIQRAEYVTVTDEEALKAFHELSRTEGIIPALESAHAVAYAMKLAKEMSRDEIIIVNLSGRGDKDLDIVLKVSMWFGEFGGQYVPETLIEPLKELEKAYKRFKDDEEFNRQLNYYLKTWAGRPTPLYYAKRLTEKIGGAKIYLKREDLVHGGAHKTNNAIGQALLAKFMGKTRLIAETGAGQHGVATAMAGALLGMKVDIYMGAEDVERQKMNVFRMKLLGANVIPVNSGSRTLKDAINEALRDWVATFEYTHYLIGSVVGPHPYPTIVRDFQSVIGREAKAQILEAEGQLPDVIVACVGGGSNAMGIFYPFVNDKKVKLVGVEAGGKGLESGKHSASLNAGQVGVFHGMLSYFLQDEEGQIKPTHSIAPGLDYPGVGPEHAYLKKIQRAEYVTVTDEEALKAFHELSRTEGIIPALESAHAVAYAMKLAKEMSRDEIIIVNLSGRGDKDLDIVLKVS,MFKDGSLIPYLTAGDPDKQSTLNFLLALDEYAGAIELGIPFSDPIADGKTIQESHYRALKNGFKLREAFWIVKEFRRHSSTPIVLMTYYNPIYRAGVRNFLAEAKASGVDGILVVDLPVFHAKEFTEIAREEGIKTVFLAAPNTPDERLKVIDDMTTGFVYLVSLYEEIPKTAYDLLRRAKRICRNKVAVGFGVSKREHVVSLLKEGANGVVVGSALVKIIGEKGREATEFLKKKVEELLG,8.602059991,143,1WDW,,,,Affinity Benchmark v5.5
KHSVLHLVPVNITSKADSDVTEVMWQPVLRRGRGLEAQGDIVRVWDTGIYLLYSQVLFHDVTFTMGQVVSREGQGRRETLFRCIRSMPSDPDRAYNSCYSAGVFHLHQGDIITVKIPRANAKLSLSPHGTFLGFVKLKHSVLHLVPVNITSKADSDVTEVMWQPVLRRGRGLEAQGDIVRVWDTGIYLLYSQVLFHDVTFTMGQVVSREGQGRRETLFRCIRSMPSDPDRAYNSCYSAGVFHLHQGDIITVKIPRANAKLSLSPHGTFLGFVKLKHSVLHLVPVNITSKADSDVTEVMWQPVLRRGRGLEAQGDIVRVWDTGIYLLYSQVLFHDVTFTMGQVVSREGQGRRETLFRCIRSMPSDPDRAYNSCYSAGVFHLHQGDIITVKIPRANAKLSLSPHGTFLGFVKL,CRKEQGKFYDHLLRDCISCASICGQHPKQCAYFCENKLR,8.193820026,144,1XU1,,,,Affinity Benchmark v5.5
IGDEPLENYLDTEYFGTIGIGTPAQDFTVIFDTGSSNLWVPSVYCSSLACSDHNQFNPDDSSTFEATQELSITYGTGSMTGILGYDTVQVGGISDTNQIFGLSETEPGSFLYYAPFDGILGLAYPSISASGATPVFDNLWDQGLVSQDLFSVYLSSNDDSGSVVLLGGIDSSYYTGSLNWVPVSVEGYWQITLDSITMDGETIACSGGCQAIVDTGTSLLTGPTSAIANIQSDIGASENSDGEMVISCSSIDSLPDIVFTINGVQYPLSPSAYILQDDDSCTSGFEGMDVPTSSGELWILGDVFIRQYYTVFDRANNKVGLAPVA,QFLFSMSTGPFICTVKDNQVFVANLPWTMLEGDDIQVGKEFAARVEDCTNVKHDMAPTCTKPPPFCGPQDMKMFNFVGCSVLGNKLFIDQKYVRDLTAKDHAEVQTFREKIAAFEEQQENQPPAGGLSPPPPPSFCTV,10,145,1F34,,,,Affinity Benchmark v5.5
MLAKRIIACLNVKDGRVVKGTNFENLRDSGDPVELGKFYSEIGIDELVFLDITASVEKRKTMLELVEKVAEQIDIPFTVGGGIHDFETASELILRGADKVSINTAAVENPSLITQIAQTFGSQAVVVAIDAKRVDGEFMVFTYSGKKNTGILLRDWVVEVEKRGAGEILLTSIDRDGTKSGYDTEMIRFVRPLTTLPIIASGGAGKMEHFLEAFLAGADAALAASVFHFREIDVRELKEYLKKHGVNVRLEGL,MRIGIISVGPGNIMNLYRGVKRASENFEDVSIELVESPRNDLYDLLFIPGVGHFGEGMRRLRENDLIDFVRKHVEDERYVVGVCLGMQLLFEESEEAPGVKGLSLIEGNVVKLRSRRLPHMGWNEVIFKDTFPNGYYYFVHTYRAVCEEEHVLGTTEYDGEIFPSAVRKGRILGFQFHPEKSSKIGRKLLEKVIECSLSRR,8.301029996,146,1GPW,,,,Affinity Benchmark v5.5
GLPPEKPKNLSCIVNEGKKMRCEWDGGRETHLETNFTLKSEWATHKFADCKAKRDTPTSCTVDYSTVYFVNIEVWVEAENALGKVTSDHINFDPVYKVKPNPPHNLSVINSEELSSILKLTWTNPSIKSVIILKYNIQYRTKDASTWSQIPPEDTASTRSSFTVQDLKPFTEYVFRIRCMKEDGKGYWSDWSEEASGITYE,CAIRHPCHNNLMNQIRSQLAQLNGSANALFILYYTAQGEPFPNNLDKLCGPNVTDFPPFHANGTEKAKLVELYRIVVYLGTSLGNITRDQKILNPSALSLHSKLNATADILRGLLSNVLCRLCSKYHVGHVDVTYGPDTSGKDVFQKKKLGCQLLGKYKQIIAVLAQAF,7.096910013,147,1PVH,,,,Affinity Benchmark v5.5
EVQLQESGGGLVKPGGSLRLSCAASGFTFSSYSMNWVRQAPGKGLEWVSSITSSSSYIYYADSVKGRFTISRDNAKNSLYLQMNSLRAEDTAVYYCARDPGIAAADNHWFDPWGQGTLVTVSSASTKGPSVFPLAPSTAALGCLVKDYFPEPVTVSWNSGALTSGVHTFPAVLQSSGLYSLSSVVTVPSSSLGTQTYICNVNHKPSNTKVDKRVEPKYELTQPPSVSVSPGQTASITCSGDKLGDKYACWYQQKPGQSPVVVIYQDTKRPSGIPERFSGSNSGNTATLTISGTQAMDEADYYCQAWDSSTVVFGGGTKLTVLGQPKAAPSVTLFPPSSEELQANKATLVCLISDFYPGAVTVAWKADSSPVKAGVETTTPSKQSNNKYAASSYLSLTPEQWKSHRSYSCQVTHEGSTVEKTVAPTEC,EPSDKHIKEYLNKIQNSLSTEWSPCSVTCGNGIQVRIKPGSANKPKDELDYANDIEKKICKMEKC,6.749579998,148,6B0S,,,,Affinity Benchmark v5.5
VAFTVDQMRSLMDKVTNVRNMSVIAHVDHGKSTLTDSLVQRAGIISAGITIKSTAISLYSEMSDEDVKEIKQKTDGNSFLINLIDSPGHVDFSSEVTAALRVTDGALVVVDTIEGVCVQTETVLRQALGERIKPVVVINKVDRALLELQVSKEDLYQTFARTVESVNVIVSTYADEVLGDVQVYPARGTVAFGSGLHGWAFTIRQFATRYAKKFGVDKAKMMDRLWGDSFFNPKTKKWTNKDTDAEGKPLERAFNMFILDPIFRLFTAIMNFKKDEIPVLLEKLEIVLKGDEKDLEGKALLKVVMRKFLPAADALLEMIVLHLPSPVTAQAYRAEQLYEGPADDANCIAIKNCDPKADLMLYVSKMVPTSDKGRFYAFGRVFAGTVKSGQKVRIQGPNYVPGKKDDLFIKAIQRVVLMMGRFVEPIDDCPAGNIIGLVGIDQFLLKTGTLTTSETAHNMKVMKFSVSPVVQVAVEVKNANDLPKLVEGLKRLSKSDPCVLTYMSESGEHIVAGTGELHLEICLQDLEHDHAGVPLKISPPVVAYRETVESESSQTALSKSPNKHNRIYLKAEPIDEEVSLAIENGIINPRDDFKARARIMADDYGWDVTDARKIWCFGPDGNGPNLVIDQTKAVQYLHEIKDSVVAAFQWATKEGPIFGEEMRSVRVNILDVTLHADAIRGGGQIIPTMRRATYAGFLLADPKIQEPVFLVEIQCPEQAVGGIYSVLNKKRGQVVSEEQRPGTPLFTVKAYLPVNESFGFTGELRQATGGQAFPQMVFDHWSTLGSDPLDPTSKAGEIVLAARKRHGMKEEVPGWQEYYDKL,EFLGDGGDVSFSTRGTQNWTVERLLQAHRQLEERGYVFVGYHGTFLEAAQSIVFGGVRARSQDLDAIWRGFYIAGDPALAYGYAQDQEPDARGRIRNGALLRVYVPRSSLPGFYRTSLTLAAPEAAGEVERLIGHPLPLRLDAITGPEEEGGRLETILGWPLAERTVVIPSAIPTDPRNVGGDLDPSSIPDKEQAISALPDYASQPG,5.886056648,149,1ZM4,,,,Affinity Benchmark v5.5
TTALVCDNGSGLVKAGFAGDDAPRAVFPSIVGRPRHMVGMGQKDSYVGDEAQSKRGILTLKYPIEHGIITNWDDMEKIWHHTFYNELRVAPEEHPTLLTEAPLNPKANREKMTQIMFETFNVPAMYVAIQAVLSLYASGRTTGIVLDSGDGVTHNVPIYEGYALPHAIMRLDLAGRDLTDYLMKILTERGYSFVTTAEREIVRDIKEKLCYVALDFENEMATAASSSSLEKSYELPDGQVITIGNERFRCPETLFQPSFIGMESAGIHETTYNSIMKCDIDIRKDLYANNVMSGGTTMYPGIADRMQKEITALAPSTMKIKIIAPPERKYSVWIGGSILASLSTFQQMWITKQEYDEAGPSIVHRKCF,MDDDGTGQKQIWRIEGSNKVPVDPATYGQFYGGDSYIILYNYRHGQIIYNWQGAQSTQDEVAASAILTAQLDEELGGTPVQSRVVQGKEPAHLMSLFGGKPMIIYKGGTSREGGQTAPASTRLFQVRANSAGATRAVEVLPKAGALNSNDAFVLKTPSAAYLWVGTGASEAEKTGAQELLRVLRAQPVQVAEGSEPDGFWEALGGKAAYRTSPRLKDKKMDAHPPRLFACSNKIGRFVIEEVPGELMQEDLATDDVMLLDTWDQVFVWVGKDSQEEEKTEALTSAKRYIETDPANRDRRTPITVVKQGFEPPSFVGWFLGWDDDYWS,7.602059991,150,1H1V,,,,Affinity Benchmark v5.5
ARSTNTFNYATYHTLDEIYDFMDLLVAQHPELVSKLQIGRSYEGRPIYVLKFSTGGSNRPAIWIDLGIHSREWITQATGVWFAKKFTENYGQNPSFTAILDSMDIFLEIVTNPNGFAFTHSENRLWRKTRSVTSSSLCVGVDANRNWDAGFGKAGASSSPCSETYHGKYANSEVEVKSIVDFVKNHGNFKAFLSIHSYSQLLLYPYGYTTQSIPDKTELNQVAKSAVAALKSLYGTSYKYGSIITTIYQASGGSIDWSYNQGIKYSFTFELRDTGRYGFLLPASQIIPTAQETWLGVLTIMEHTVNN,HADPICNKPCKTHDDCSGAWFCQACWNSARTCGPYV,8.301029996,151,4CPA,,,,Affinity Benchmark v5.5
PEMVRGQVFDVGPRYTNLSYIGEGAYGMVCSAYDNVNKVRVAIKKISPFEHQTYCQRTLREIKILLRFRHENIIGINDIIRAPTIEQMKDVYIVQDLMETDLYKLLKTQHLSNDHICYFLYQILRGLKYIHSANVLHRDLKPSNLLLNTTCDLKICDFGLARVADPDHTEYVATRWYRAPEIMLNSKGYTKSIDIWSVGCILAEMLSNRPIFPGKHYLDQLNHILGILGSPSQEDLNCIINLKARNYLLSLPHKNKVPWNRLFPNADSKALDLLDKMLTFNPHKRIEVEQALAHPYLEQYYDPSDEPIAEAPFKFDMELDDLPKEKLKELIFEETARFQPGYRS,GMAEYGTLLQDLTNNITLEDLEQLKSACKEDIPSEKSEEITTGSAWFSFLESHNKLDKDNLSYIEHIFEISRRPDLLTMVVDYRTRVLKI,6.876148359,152,4IZ7,,,,Affinity Benchmark v5.5
GTTKHSKLLILGSGPAGYTAAVYAARANLQPVLITGMEKGGQLTTTTEVENWPGDPNDLTGPLLMERMHEHATKFETEIIFDHINKVDLQNRPFRLNGDNGEYTCDALIIATGASARYLGLPSEEAFKGRGVSASATCDGFFYRNQKVAVIGGGNTAVEEALYLSNIASEVHLIHRRDGFRAEKILIKRLMDKVENGNIILHTNRTLEEVTGDQMGVTGVRLRDTQNSDNIESLDVAGLFVAIGHSPNTAIFEGQLELENGYIKVQSGIHGNATQTSIPGVFAAGDVMDHIYRQAITSAGTGCMAALDAERYLDGLADAK,SDKIIHLTDDSFDTDVLKADGAILVDFWAEWCGPSKMIAPILDEIADEYQGKLTVAKLNIDQNPGTAPKYGIRGIPTLLLFKNGEVAATKVGALSKGQLKEFLDANLA,5.568636236,153,1F6M,,,,Affinity Benchmark v5.5
PQAIKCVVVGDGAVGKTCLLISYTTNAFPGEYIPTVFDNYSANVMVDGKPVNLGLWDTAGLEDYDRLRPLSYPQTDVFLICFSLVSPASFENVRAKWYPEVRHHCPNTPIILVGTKLDLRDDKDTIEKLKEKKLTPITYPQGLAMAKEIGAVKYLECSALTQRGLKTVFDEAIRAVLC,SLVEAISLWNEGVLAADKKDWKGALDAFSAVQDPHSRICFNIGCMYTILKNMTEAEKAFTRSINRDKHLAVAYFQRGMLYYQTEKYDLAIKDLKEALIQLRGNQLIDYKILGLQFKLFACEVLYNIAFMYAKKEEWKKAEEQLALATSMKSEPRHSKIDKAMECVWKQKLYEPVVIPVGKLFRPN,5.568636236,154,1.00E+96,,,,Affinity Benchmark v5.5
PKVKAYLSQGERFIKWDDETTVASPVILRVDPKGYYLYWTYQSKEMEFLDITSIRDTRFGKFAKMPKSQKLRDVFNMDFPDNSFLLKTLTVVSGPDMVDLTFHNFVSYKENVGKAWAEDVLALVKHPLTANASRSTFLDKILVKLKMQLNSEGKIPVKNFFQMFPADRKRVEAALSACHLPKGKNDAINPEDFPEPVYKSFLMSLCPRPEIDEIFTSYMTKEHLTKFINQKQRDQGLIDKYEPSGQLSPEGMVWFLCGPENSVLAQDKLLLHHDMTQPLNHYFINSSHNTYLTAGQFSGLSSAEMYRQVLLSGCRCVELDCWKGKPPDEEPIITHGFTMTTDIFFKEAIEAIAESAFKTSPYPIILSFENHVDSPRQQAKMAEYCRTIFGDMLLTEPLEKFPLKPGVPLPSPEDLRGKILIKNKKEESGNLDEEEIKKMQSDEGTAGLEVTAYEEMSSLVNYIQPTKFVSFEFSAQKNRSYVISSFTELKAYDLLSKASVQFVDYNKRQMSRIYPKGTRMDSSNYMPQMFWNAGCQMVALNFQTMDLPMQQNMAVFEFNGQSGYLLKHEFMRRPTTLSITVISGQFLSERSVRTYVEVELFGLPGDPKRRYRTKLSPSTNSINPVWKEEPFVFEKILMPELASLRVAVMEEGNKFLGHRIIPINALNSGYHHLCLHSESNMPLTMPALFIFLEMKD,MQAIKCVVVGDGAVGKTCLLISYTTNAFPGEYIPTVFDNYSANVMVDGKPVNLGLWDTAGQEDYDRLRPLSYPQTDVFLICFSLVSPASFENVRAKWYPEVRHHCPNTPIILVGTKLDLRDDKDTIEKLKEKKLTPITYPQGLAMAKEIGAVKYLECSALTQRGLKTVFDEAIRAVL,5.27572413,155,2FJU,,,,Affinity Benchmark v5.5
ETTALVCDNGSGLVKAGFAGDDAPRAVFPSIVGRPRHQGVMVGMGQKDSYVGDEAQSKRGILTLKYPIEHGIITNWDDMEKIWHHTFYNELRVAPEEHPTLLTEAPLNPKANREKMTQIMFETFNVPAMYVAIQAVLSLYASGRTTGIVLDSGDGVTHNVPIYEGYALPHAIMRLDLAGRDLTDYLMKILTERGYSFVTTAEREIVRDIKEKLCYVALDFENEMATAASSSSLEKSYELPDGQVITIGNERFRCPETLFQPSFIGMESAGIHETTYNSIMKCDIDIRKDLYANNVMSGGTTMYPGIADRMQKEITALAPSTMKIKIIAPPERKYSVWIGGSILASLSTFQQMWITKQEYDEAGPSIVHRKCF,QGVAFPISRDAFQALEKLSKKQLNYVQLEIDIKNETIILANTENTELRDLPKRIPKDSARYHFFLYKHSHEGDYLESVVFIYSMPGYTCSIRERMLYSSCKSPLLEIVERQLQMDVIRKIEIDNGDELTADFLYDEVHPK,4.698970004,156,3DAW,,,,Affinity Benchmark v5.5
CGVPAIQPVLSIVNGEEAVPGSWPWQVSLQDKTGFHFCGGSLINENWVVTAAHCGVTTSDVVVAGEFDQGSSSEKIQKLKIAKVFKNSKYNSLTINNDITLLKLSTAASFSQTVSAVCLPSASDDFAAGTTCVTTGWGLTRYANTPDRLQQASLPLLSNTNCKKYWGTKIKDAMICAGASGVSSCMGDSGGPLVCKKNGAWTLVGIVSWGSSTCSTSTPGVYARVTALVNWVQQTLAAN,RPDFCLEPPYTGPCKARIIRYFYNAKAGLCQTFVYGGCRAKRNNFKSAEDCMRTCGGA,7.958607315,157,1CBW,,,,Affinity Benchmark v5.5
EVAHRFKDLGEENFKALVLIAFAQYLQQCPFEDHVKLVNEVTEFAKTCVADESAENCDKSLHTLFGDKLCTVATLEMADCCAKQEPERNECFLQHKDDNPNLPRLVRPEVDVMCTAFHDNEETFLKKYLYEIARRHPYFYAPELLFFAKRYKAAFTECCQAADKAACLLPKLDELRDEGKASSAKQRLKCASLQKFGERAFKAWAVARLSQRFPKAEFAEVSKLVTDLTKVHTECCHGDLLECADDRADLAKYICENQDSISSKLKECCEKPLLEKSHCIAEVENDEMPADLPSLAADFVESKDVCKNYAEAKDVFLGMFLYEYARRHPDYSVVLLLRLAKTYETTLEKCCAAADPHECYAKVFDEFKPLVEEPQNLIKQNCELFEQLGEYKFQNALLVRYTKKVPQVSTPTLVEVSRNLGKVGSKCCKHPEAKRMPCAEDYLSVVLNQLCVLHEKTPVSDRVTKCCTESLVNRRPCFSALEVDETYVPKEFNAETFTFHADICTLSEKERQIKKQTALVELVKHKPKATKEQLKAVMDDFAAFVEKCCKADDKETCFAEEGKKLVAASQAALG,HMTIDQWLLKNAKEDAIAELKKAGITSDFYFNAINKAKTVEEVNALKNEILKAHA,9.823908741,158,2VDB,,,,Affinity Benchmark v5.5
TTALVCDNGSGLVKAGFAGDDAPRAVFPSIVGRPRHMVGMGQKDSYVGDEAQSKRGILTLKYPIEHGIITNWDDMEKIWHHTFYNELRVAPEEHPTLLTEAPLNPKANREKMTQIMFETFNVPAMYVAIQAVLSLYASGRTTGIVLDSGDGVTHNVPIYEGYALPHAIMRLDLAGRDLTDYLMKILTERGYSFVTTAEREIVRDIKEKLCYVALDFENEMATAASSSSLEKSYELPDGQVITIGNERFRCPETLFQPSFIGMESAGIHETTYNSIMKCDIDIRKDLYANNVMSGGTTMYPGIADRMQKEITALAPSTMKIKIIAPPERKYSVWIGGSILASLSTFQQMWITKQEYDEAGPSIVHRKCF,MDDDGTGQKQIWRIEGSNKVPVDPATYGQFYGGDSYIILYNYRHGQIIYNWQGAQSTQDEVAASAILTAQLDEELGGTPVQSRVVQGKEPAHLMSLFGGKPMIIYKGGTSREGGQTAPASTRLFQVRANSAGATRAVEVLPKAGALNSNDAFVLKTPSAAYLWVGTGASEAEKTGAQELLRVLRAQPVQVAEGSEPDGFWEALGGKAAYRTSPRLKDKKMDAHPPRLFACSNKIGRFVIEEVPGELMQEDLATDDVMLLDTWDQVFVWVGKDSQEEEKTEALTSAKRYIETDPANRDRRTPITVVKQGFEPPSFVGWFLGWDDDYWS,7.602059991,1372,1H1V,,,,Affinity Benchmark v5.5
